codon,mutation_count,Position,conservation_score,literature_mentions,is_hotspot,AI_Hotspot_Prob_LR,DL_Hotspot_Prob
248,1911,248.0,2.0,0,1,1.0,0.9937252
273,1843,273.0,2.0,0,1,0.9999999999999998,0.9920244
175,1345,175.0,2.0,0,1,0.9998066902550417,0.9361082
0,1039,,0.0,0,0,0.0001875415170609,3.918003e-06
245,888,245.0,2.0,0,0,4.0022133913256874e-08,0.3289307
282,740,282.0,2.0,0,0,1.0089561488389214e-11,0.12452258
249,738,249.0,2.0,0,0,9.020796515266786e-12,0.12259526
220,475,220.0,2.0,0,0,3.636981857620749e-18,0.013274623
213,446,213.0,2.0,0,0,7.172057500962399e-19,0.010286226
176,444,176.0,2.0,0,0,6.412337284069015e-19,0.010106601
179,434,179.0,2.0,0,0,3.6633577561473263e-19,0.009254031
278,336,278.0,2.0,0,0,1.5175272214301244e-21,0.003934501
158,333,158.0,2.0,0,0,1.282907614305654e-21,0.0038519006
157,324,157.0,2.0,0,0,7.751255641836065e-22,0.0036230208
280,311,280.0,2.0,0,0,3.74363870071113e-22,0.00331614
196,297,196.0,2.0,0,0,1.70962985622463e-22,0.0030293623
151,283,151.0,2.0,0,0,7.807468826357247e-23,0.0027897295
244,283,244.0,2.0,0,0,7.807468826357247e-23,0.0027897295
266,282,266.0,2.0,0,0,7.382382721560437e-23,0.0027734404
241,274,241.0,2.0,0,0,4.717228747723561e-23,0.002627319
163,272,163.0,2.0,0,0,4.21754312098742e-23,0.002590538
135,270,135.0,2.0,0,0,3.770788089505338e-23,0.0025542674
285,268,285.0,2.0,0,0,3.3713568321801695e-23,0.0025185053
193,265,193.0,2.0,0,0,2.85012307487264e-23,0.002465797
237,261,237.0,2.0,0,0,2.2782889529239948e-23,0.0024005969
242,245,242.0,2.0,0,0,9.302283362501692e-24,0.0022031062
238,240,238.0,2.0,0,0,7.031064019285086e-24,0.002138279
173,239,173.0,2.0,0,0,6.648250115956394e-24,0.002124614
234,237,234.0,2.0,0,0,5.944015658915608e-24,0.0020975445
152,229,152.0,2.0,0,0,3.798134369445013e-24,0.0019720194
132,225,132.0,2.0,0,0,3.0360961082406087e-24,0.0019011643
281,217,281.0,2.0,0,0,1.9400186068403733e-24,0.001756715
272,215,272.0,2.0,0,0,1.7345167189137766e-24,0.0017206587
205,205,205.0,2.0,0,0,9.909265520368728e-25,0.0015542982
195,202,195.0,2.0,0,0,8.377228433686377e-25,0.001505454
275,201,275.0,2.0,0,0,7.921121149357985e-25,0.0014903592
141,196,141.0,2.0,0,0,5.987122487598692e-25,0.0014222146
236,187,236.0,2.0,0,0,3.617385729328617e-25,0.0013102837
286,183,286.0,2.0,0,0,2.8916119511655227e-25,0.0012615751
258,177,258.0,2.0,0,0,2.0666065244939039e-25,0.0011869293
306,174,306.0,2.0,0,0,1.747095675521674e-25,0.0011482266
239,171,239.0,2.0,0,0,1.4769832879406048e-25,0.0011085349
246,169,246.0,2.0,0,0,1.32052970907408e-25,0.0010759005
161,160,161.0,2.0,0,0,7.978566222176867e-26,0.0009216225
159,160,159.0,2.0,0,0,7.978566222176867e-26,0.0009216225
194,152,194.0,2.0,0,0,5.098180813485816e-26,0.0007691363
216,150,216.0,2.0,0,0,4.5581417754743156e-26,0.00073059404
192,149,192.0,2.0,0,0,4.309968804753434e-26,0.00071205286
250,147,250.0,2.0,0,0,3.853423324643797e-26,0.0006763692
155,144,155.0,2.0,0,0,3.257658943125697e-26,0.0006261664
156,143,156.0,2.0,0,0,3.0802921701435596e-26,0.00061027374
177,143,177.0,2.0,0,0,3.0802921701435596e-26,0.00061027374
146,137,146.0,2.0,0,0,2.2014544149329304e-26,0.00052303524
138,137,138.0,2.0,0,0,2.2014544149329304e-26,0.00052303524
154,134,154.0,2.0,0,0,1.861095202498349e-26,0.00048420776
215,128,215.0,2.0,0,0,1.3301063742792834e-26,0.00041498276
283,125,283.0,2.0,0,0,1.124463252653398e-26,0.0003841736
214,124,214.0,2.0,0,0,1.063240631764548e-26,0.00037442043
255,121,255.0,2.0,0,0,8.988566946722813e-27,0.00034662164
270,121,270.0,2.0,0,0,8.988566946722813e-27,0.00034662164
277,120,277.0,2.0,0,0,8.499174674263362e-27,0.0003378218
274,118,274.0,2.0,0,0,7.598875865158824e-27,0.00032088594
342,116,342.0,2.0,0,0,6.793943721258785e-27,0.00030479915
259,114,259.0,2.0,0,0,6.0742762622648255e-27,0.00028951868
251,114,251.0,2.0,0,0,6.0742762622648255e-27,0.0002895189
209,112,209.0,2.0,0,0,5.4308415883489175e-27,0.0002750039
190,111,190.0,2.0,0,0,5.1351535301698106e-27,0.00026802171
298,111,298.0,2.0,0,0,5.1351535301698106e-27,0.00026802171
271,110,271.0,2.0,0,0,4.85556452889141e-27,0.00026121674
181,107,181.0,2.0,0,0,4.1048625803211716e-27,0.00024182072
294,106,294.0,2.0,0,0,3.881368886807568e-27,0.0002356808
136,106,136.0,2.0,0,0,3.881368886807568e-27,0.0002356808
178,105,178.0,2.0,0,0,3.6700435497402455e-27,0.00022969674
276,104,276.0,2.0,0,0,3.470224049760066e-27,0.00022386458
144,104,144.0,2.0,0,0,3.470224049760066e-27,0.00022386458
247,103,247.0,2.0,0,0,3.281283939092602e-27,0.00021818044
126,102,126.0,2.0,0,0,3.102630877591769e-27,0.00021264063
279,100,279.0,2.0,0,0,2.7739760385936578e-27,0.00020186517
164,99,164.0,2.0,0,0,2.6229439057384277e-27,0.00019660282
167,98,167.0,2.0,0,0,2.480134881099521e-27,0.00019147745
143,97,143.0,2.0,0,0,2.3451012486349027e-27,0.00018648567
168,96,168.0,2.0,0,0,2.217419668687889e-27,0.00018162403
267,91,267.0,2.0,0,0,1.6760207188500116e-27,0.00015915208
172,90,172.0,2.0,0,0,1.5847679537375168e-27,0.0001550029
130,89,130.0,2.0,0,0,1.4984835443541851e-27,0.00015096187
240,86,240.0,2.0,0,0,1.26680821392582e-27,0.00013946005
145,84,145.0,2.0,0,0,1.1326180166335031e-27,0.00013229167
166,84,166.0,2.0,0,0,1.1326180166335031e-27,0.00013229167
204,83,204.0,2.0,0,0,1.070951400778687e-27,0.00012880174
110,83,110.0,2.0,0,0,1.070951400778687e-27,0.00012880174
174,82,174.0,2.0,0,0,1.012642290680575e-27,0.00012539764
287,81,287.0,2.0,0,0,9.575078832981549e-28,0.0001220835
290,78,290.0,2.0,0,0,8.094709188038474e-28,0.00011265724
165,76,165.0,2.0,0,0,7.2372545149269045e-28,0.000106789674
218,76,218.0,2.0,0,0,7.2372545149269045e-28,0.000106789674
232,75,232.0,2.0,0,0,6.843214346519546e-28,0.00010397274
153,75,153.0,2.0,0,0,6.843214346519546e-28,0.00010397274
171,75,171.0,2.0,0,0,6.843214346519546e-28,0.00010397274
127,74,127.0,2.0,0,0,6.4706281222836845e-28,0.00010123011
252,74,252.0,2.0,0,0,6.4706281222836845e-28,0.00010123011
254,73,254.0,2.0,0,0,6.118327758969487e-28,9.855971e-05
162,73,162.0,2.0,0,0,6.118327758969487e-28,9.855971e-05
257,73,257.0,2.0,0,0,6.118327758969487e-28,9.855971e-05
235,71,235.0,2.0,0,0,5.470226807262797e-28,9.3428454e-05
134,69,134.0,2.0,0,0,4.890777758518865e-28,8.8564244e-05
265,65,265.0,2.0,0,0,3.9095171140768455e-28,7.9582496e-05
224,65,224.0,2.0,0,0,3.9095171140768455e-28,7.9582496e-05
139,65,139.0,2.0,0,0,3.9095171140768455e-28,7.9582496e-05
131,64,131.0,2.0,0,0,3.6966592162586897e-28,7.748318e-05
133,63,133.0,2.0,0,0,3.495390597459246e-28,7.5439246e-05
184,63,184.0,2.0,0,0,3.495390597459246e-28,7.5439246e-05
198,62,198.0,2.0,0,0,3.305080266817758e-28,7.344908e-05
243,62,243.0,2.0,0,0,3.305080266817758e-28,7.344908e-05
199,61,199.0,2.0,0,0,3.1251315884548793e-28,7.151155e-05
211,61,211.0,2.0,0,0,3.1251315884548793e-28,7.151155e-05
197,59,197.0,2.0,0,0,2.7940932988312156e-28,6.778848e-05
202,58,202.0,2.0,0,0,2.641965859932039e-28,6.600014e-05
317,58,317.0,2.0,0,0,2.641965859932039e-28,6.600014e-05
191,57,191.0,2.0,0,0,2.498121164374202e-28,6.42591e-05
147,56,147.0,2.0,0,0,2.3621082492166834e-28,6.256392e-05
180,56,180.0,2.0,0,0,2.3621082492166834e-28,6.256392e-05
187,55,187.0,2.0,0,0,2.2335007046847e-28,6.0913517e-05
140,55,140.0,2.0,0,0,2.2335007046847e-28,6.0913517e-05
293,55,293.0,2.0,0,0,2.2335007046847e-28,6.0913517e-05
125,54,125.0,2.0,0,0,2.111895337345907e-28,5.930659e-05
291,54,291.0,2.0,0,0,2.111895337345907e-28,5.930659e-05
203,54,203.0,2.0,0,0,2.111895337345907e-28,5.930659e-05
253,54,253.0,2.0,0,0,2.111895337345907e-28,5.930659e-05
183,53,183.0,2.0,0,0,1.9969109060715695e-28,5.7742054e-05
262,53,262.0,2.0,0,0,1.9969109060715695e-28,5.7742054e-05
301,53,301.0,2.0,0,0,1.9969109060715695e-28,5.7742054e-05
160,53,160.0,2.0,0,0,1.9969109060715695e-28,5.7742054e-05
142,51,142.0,2.0,0,0,1.7853825424919706e-28,5.4735752e-05
221,51,221.0,2.0,0,0,1.7853825424919706e-28,5.4735752e-05
256,51,256.0,2.0,0,0,1.7853825424919706e-28,5.4735752e-05
208,50,208.0,2.0,0,0,1.6881754543255694e-28,5.329184e-05
212,50,212.0,2.0,0,0,1.6881754543255694e-28,5.329184e-05
149,49,149.0,2.0,0,0,1.5962609114624411e-28,5.188592e-05
229,49,229.0,2.0,0,0,1.5962609114624411e-28,5.188592e-05
189,49,189.0,2.0,0,0,1.5962609114624411e-28,5.188592e-05
228,49,228.0,2.0,0,0,1.5962609114624411e-28,5.188592e-05
296,48,296.0,2.0,0,0,1.5093507555355594e-28,5.0517174e-05
269,48,269.0,2.0,0,0,1.5093507555355594e-28,5.0517174e-05
331,48,331.0,2.0,0,0,1.5093507555355594e-28,5.0517174e-05
219,48,219.0,2.0,0,0,1.5093507555355594e-28,5.0517174e-05
170,47,170.0,2.0,0,0,1.4271725172726362e-28,4.9184542e-05
217,46,217.0,2.0,0,0,1.3494685622863008e-28,4.7887013e-05
305,45,305.0,2.0,0,0,1.2759952833727376e-28,4.662372e-05
226,45,226.0,2.0,0,0,1.2759952833727376e-28,4.662372e-05
284,44,284.0,2.0,0,0,1.2065223367863995e-28,4.5393786e-05
261,43,261.0,2.0,0,0,1.1408319200967476e-28,4.419631e-05
137,43,137.0,2.0,0,0,1.1408319200967476e-28,4.419631e-05
150,42,150.0,2.0,0,0,1.078718089362689e-28,4.303037e-05
148,42,148.0,2.0,0,0,1.078718089362689e-28,4.303037e-05
260,41,260.0,2.0,0,0,1.0199861134842946e-28,4.1895193e-05
233,41,233.0,2.0,0,0,1.0199861134842946e-28,4.1895193e-05
230,40,230.0,2.0,0,0,9.644518637074471e-29,4.0789993e-05
169,40,169.0,2.0,0,0,9.644518637074471e-29,4.0789993e-05
264,39,264.0,2.0,0,0,9.119412363677148e-29,3.9713923e-05
292,39,292.0,2.0,0,0,9.119412363677148e-29,3.9713923e-05
222,39,222.0,2.0,0,0,9.119412363677148e-29,3.9713923e-05
289,39,289.0,2.0,0,0,9.119412363677148e-29,3.9713923e-05
300,38,300.0,2.0,0,0,8.622896070634185e-29,3.866549e-05
337,38,337.0,2.0,0,0,8.622896070634185e-29,3.866549e-05
113,37,113.0,2.0,0,0,8.153413145469078e-29,3.7641617e-05
227,36,227.0,2.0,0,0,7.709491727159324e-29,3.6644855e-05
201,36,201.0,2.0,0,0,7.709491727159324e-29,3.6644855e-05
210,33,210.0,2.0,0,0,6.517554017830507e-29,3.3810145e-05
295,33,295.0,2.0,0,0,6.517554017830507e-29,3.3810145e-05
182,33,182.0,2.0,0,0,6.517554017830507e-29,3.3810145e-05
207,32,207.0,2.0,0,0,6.162698723258126e-29,3.2914875e-05
302,31,302.0,2.0,0,0,5.827163909918583e-29,3.2043237e-05
91,30,91.0,2.0,0,0,5.509897653264754e-29,3.1194708e-05
225,30,225.0,2.0,0,0,5.509897653264754e-29,3.1194708e-05
104,30,104.0,2.0,0,0,5.509897653264754e-29,3.1194708e-05
231,30,231.0,2.0,0,0,5.509897653264754e-29,3.1194708e-05
288,30,288.0,2.0,0,0,5.509897653264754e-29,3.1194708e-05
200,29,200.0,2.0,0,0,5.209905301921842e-29,3.0368656e-05
128,29,128.0,2.0,0,0,5.209905301921842e-29,3.0368656e-05
111,29,111.0,2.0,0,0,5.209905301921842e-29,3.0368656e-05
129,28,129.0,2.0,0,0,4.926246359387517e-29,2.9564482e-05
223,27,223.0,2.0,0,0,4.658031535511233e-29,2.8781598e-05
185,27,185.0,2.0,0,0,4.658031535511233e-29,2.8781598e-05
299,27,299.0,2.0,0,0,4.658031535511233e-29,2.8781598e-05
206,27,206.0,2.0,0,0,4.658031535511233e-29,2.8781598e-05
307,27,307.0,2.0,0,0,4.658031535511233e-29,2.8781598e-05
263,25,263.0,2.0,0,0,4.1646165387714607e-29,2.7277447e-05
107,25,107.0,2.0,0,0,4.1646165387714607e-29,2.7277447e-05
304,25,304.0,2.0,0,0,4.1646165387714607e-29,2.7277447e-05
62,24,62.0,2.0,0,0,3.937869476207176e-29,2.655512e-05
186,24,186.0,2.0,0,0,3.937869476207176e-29,2.655512e-05
100,24,100.0,2.0,0,0,3.937869476207176e-29,2.655512e-05
339,24,339.0,2.0,0,0,3.937869476207176e-29,2.655512e-05
268,24,268.0,2.0,0,0,3.937869476207176e-29,2.655512e-05
120,24,120.0,2.0,0,0,3.937869476207176e-29,2.655512e-05
53,24,53.0,2.0,0,0,3.937869476207176e-29,2.655512e-05
297,23,297.0,2.0,0,0,3.723467903294362e-29,2.5851923e-05
105,23,105.0,2.0,0,0,3.723467903294362e-29,2.5851923e-05
303,21,303.0,2.0,0,0,3.329049168822873e-29,2.450087e-05
98,19,98.0,2.0,0,0,2.976410340111938e-29,2.3220471e-05
89,19,89.0,2.0,0,0,2.976410340111938e-29,2.3220471e-05
316,18,316.0,2.0,0,0,2.8143564522394015e-29,2.260555e-05
312,18,312.0,2.0,0,0,2.8143564522394015e-29,2.260555e-05
188,17,188.0,2.0,0,0,2.661125763984397e-29,2.2006225e-05
124,17,124.0,2.0,0,0,2.661125763984397e-29,2.2006225e-05
108,17,108.0,2.0,0,0,2.661125763984397e-29,2.2006225e-05
102,17,102.0,2.0,0,0,2.661125763984397e-29,2.2006225e-05
72,17,72.0,2.0,0,0,2.661125763984397e-29,2.2006225e-05
319,17,319.0,2.0,0,0,2.661125763984397e-29,2.2006225e-05
320,17,320.0,2.0,0,0,2.661125763984397e-29,2.2006225e-05
47,16,47.0,2.0,0,0,2.5162378866780266e-29,2.1422216e-05
117,16,117.0,2.0,0,0,2.5162378866780266e-29,2.1422216e-05
106,16,106.0,2.0,0,0,2.5162378866780266e-29,2.1422216e-05
112,16,112.0,2.0,0,0,2.5162378866780266e-29,2.1422216e-05
56,16,56.0,2.0,0,0,2.5162378866780266e-29,2.1422216e-05
68,15,68.0,2.0,0,0,2.3792385869332499e-29,2.0853746e-05
46,15,46.0,2.0,0,0,2.3792385869332499e-29,2.0853746e-05
73,15,73.0,2.0,0,0,2.3792385869332499e-29,2.0853746e-05
325,15,325.0,2.0,0,0,2.3792385869332499e-29,2.0853746e-05
52,15,52.0,2.0,0,0,2.3792385869332499e-29,2.0853746e-05
88,15,88.0,2.0,0,0,2.3792385869332499e-29,2.0853746e-05
83,14,83.0,2.0,0,0,2.2496983625922767e-29,2.0300322e-05
327,14,327.0,2.0,0,0,2.2496983625922767e-29,2.0300322e-05
84,14,84.0,2.0,0,0,2.2496983625922767e-29,2.0300322e-05
82,14,82.0,2.0,0,0,2.2496983625922767e-29,2.0300322e-05
324,14,324.0,2.0,0,0,2.2496983625922767e-29,2.0300322e-05
326,14,326.0,2.0,0,0,2.2496983625922767e-29,2.0300322e-05
343,14,343.0,2.0,0,0,2.2496983625922767e-29,2.0300322e-05
309,14,309.0,2.0,0,0,2.2496983625922767e-29,2.0300322e-05
109,13,109.0,2.0,0,0,2.1272110962078523e-29,1.9761621e-05
49,13,49.0,2.0,0,0,2.1272110962078523e-29,1.9761621e-05
330,13,330.0,2.0,0,0,2.1272110962078523e-29,1.9761621e-05
94,13,94.0,2.0,0,0,2.1272110962078523e-29,1.9761621e-05
308,13,308.0,2.0,0,0,2.1272110962078523e-29,1.9761621e-05
103,13,103.0,2.0,0,0,2.1272110962078523e-29,1.9761621e-05
328,12,328.0,2.0,0,0,2.011392781837528e-29,1.923718e-05
101,12,101.0,2.0,0,0,2.011392781837528e-29,1.923718e-05
318,12,318.0,2.0,0,0,2.011392781837528e-29,1.923718e-05
332,12,332.0,2.0,0,0,2.011392781837528e-29,1.923718e-05
11,12,11.0,2.0,0,0,2.011392781837528e-29,1.923718e-05
313,12,313.0,2.0,0,0,2.011392781837528e-29,1.923718e-05
54,11,54.0,2.0,0,0,1.901880321158686e-29,1.8726674e-05
85,11,85.0,2.0,0,0,1.901880321158686e-29,1.8726674e-05
51,11,51.0,2.0,0,0,1.901880321158686e-29,1.8726674e-05
349,11,349.0,2.0,0,0,1.901880321158686e-29,1.8726674e-05
33,11,33.0,2.0,0,0,1.901880321158686e-29,1.8726674e-05
122,11,122.0,2.0,0,0,1.901880321158686e-29,1.8726674e-05
76,11,76.0,2.0,0,0,1.901880321158686e-29,1.8726674e-05
336,11,336.0,2.0,0,0,1.901880321158686e-29,1.8726674e-05
69,11,69.0,2.0,0,0,1.901880321158686e-29,1.8726674e-05
67,11,67.0,2.0,0,0,1.901880321158686e-29,1.8726674e-05
341,10,341.0,2.0,0,0,1.798330385130538e-29,1.8229695e-05
315,10,315.0,2.0,0,0,1.798330385130538e-29,1.8229695e-05
35,10,35.0,2.0,0,0,1.798330385130538e-29,1.8229695e-05
90,10,90.0,2.0,0,0,1.798330385130538e-29,1.8229695e-05
75,10,75.0,2.0,0,0,1.798330385130538e-29,1.8229695e-05
322,10,322.0,2.0,0,0,1.798330385130538e-29,1.8229695e-05
92,10,92.0,2.0,0,0,1.798330385130538e-29,1.8229695e-05
65,10,65.0,2.0,0,0,1.798330385130538e-29,1.8229695e-05
96,10,96.0,2.0,0,0,1.798330385130538e-29,1.8229695e-05
74,10,74.0,2.0,0,0,1.798330385130538e-29,1.8229695e-05
321,9,321.0,2.0,0,0,1.7004183376341704e-29,1.7745924e-05
314,9,314.0,2.0,0,0,1.7004183376341704e-29,1.7745924e-05
59,9,59.0,2.0,0,0,1.7004183376341704e-29,1.7745924e-05
60,9,60.0,2.0,0,0,1.7004183376341704e-29,1.7745924e-05
71,9,71.0,2.0,0,0,1.7004183376341704e-29,1.7745924e-05
41,9,41.0,2.0,0,0,1.7004183376341704e-29,1.7745924e-05
119,9,119.0,2.0,0,0,1.7004183376341704e-29,1.7745924e-05
77,8,77.0,2.0,0,0,1.6078372177160488e-29,1.7274995e-05
347,8,347.0,2.0,0,0,1.6078372177160488e-29,1.7274995e-05
323,8,323.0,2.0,0,0,1.6078372177160488e-29,1.7274995e-05
121,8,121.0,2.0,0,0,1.6078372177160488e-29,1.7274995e-05
118,8,118.0,2.0,0,0,1.6078372177160488e-29,1.7274995e-05
116,8,116.0,2.0,0,0,1.6078372177160488e-29,1.7274995e-05
311,8,311.0,2.0,0,0,1.6078372177160488e-29,1.7274995e-05
115,8,115.0,2.0,0,0,1.6078372177160488e-29,1.7274995e-05
63,8,63.0,2.0,0,0,1.6078372177160488e-29,1.7274995e-05
99,7,99.0,2.0,0,0,1.5202967772446213e-29,1.6816542e-05
79,7,79.0,2.0,0,0,1.5202967772446213e-29,1.6816542e-05
31,7,31.0,2.0,0,0,1.5202967772446213e-29,1.6816542e-05
97,7,97.0,2.0,0,0,1.5202967772446213e-29,1.6816542e-05
334,7,334.0,2.0,0,0,1.5202967772446213e-29,1.6816542e-05
329,7,329.0,2.0,0,0,1.5202967772446213e-29,1.6816542e-05
87,7,87.0,2.0,0,0,1.5202967772446213e-29,1.6816542e-05
338,7,338.0,2.0,0,0,1.5202967772446213e-29,1.6816542e-05
344,6,344.0,2.0,0,0,1.4375225709625084e-29,1.6370272e-05
114,6,114.0,2.0,0,0,1.4375225709625084e-29,1.6370272e-05
310,6,310.0,2.0,0,0,1.4375225709625084e-29,1.6370272e-05
348,6,348.0,2.0,0,0,1.4375225709625084e-29,1.6370272e-05
80,6,80.0,2.0,0,0,1.4375225709625084e-29,1.6370272e-05
58,6,58.0,2.0,0,0,1.4375225709625084e-29,1.6370272e-05
93,6,93.0,2.0,0,0,1.4375225709625084e-29,1.6370272e-05
43,6,43.0,2.0,0,0,1.4375225709625084e-29,1.6370272e-05
38,6,38.0,2.0,0,0,1.4375225709625084e-29,1.6370272e-05
61,6,61.0,2.0,0,0,1.4375225709625084e-29,1.6370272e-05
36,6,36.0,2.0,0,0,1.4375225709625084e-29,1.6370272e-05
346,5,346.0,2.0,0,0,1.3592550960819322e-29,1.593583e-05
86,5,86.0,2.0,0,0,1.3592550960819322e-29,1.593583e-05
37,5,37.0,2.0,0,0,1.3592550960819322e-29,1.593583e-05
48,5,48.0,2.0,0,0,1.3592550960819322e-29,1.593583e-05
44,5,44.0,2.0,0,0,1.3592550960819322e-29,1.593583e-05
354,5,354.0,2.0,0,0,1.3592550960819322e-29,1.593583e-05
78,5,78.0,2.0,0,0,1.3592550960819322e-29,1.593583e-05
95,5,95.0,2.0,0,0,1.3592550960819322e-29,1.593583e-05
81,5,81.0,2.0,0,0,1.3592550960819322e-29,1.593583e-05
361,5,361.0,2.0,0,0,1.3592550960819322e-29,1.593583e-05
123,5,123.0,2.0,0,0,1.3592550960819322e-29,1.593583e-05
27,5,27.0,2.0,0,0,1.3592550960819322e-29,1.593583e-05
356,4,356.0,2.0,0,0,1.2852489787256788e-29,1.5512931e-05
335,4,335.0,2.0,0,0,1.2852489787256788e-29,1.5512931e-05
45,4,45.0,2.0,0,0,1.2852489787256788e-29,1.5512931e-05
34,4,34.0,2.0,0,0,1.2852489787256788e-29,1.5512931e-05
50,4,50.0,2.0,0,0,1.2852489787256788e-29,1.5512931e-05
333,4,333.0,2.0,0,0,1.2852489787256788e-29,1.5512931e-05
340,4,340.0,2.0,0,0,1.2852489787256788e-29,1.5512931e-05
28,3,28.0,2.0,0,0,1.2152722046633634e-29,1.5101256e-05
363,3,363.0,2.0,0,0,1.2152722046633634e-29,1.5101256e-05
40,3,40.0,2.0,0,0,1.2152722046633634e-29,1.5101256e-05
364,3,364.0,2.0,0,0,1.2152722046633634e-29,1.5101256e-05
393,3,393.0,2.0,0,0,1.2152722046633634e-29,1.5101256e-05
392,3,392.0,2.0,0,0,1.2152722046633634e-29,1.5101256e-05
70,3,70.0,2.0,0,0,1.2152722046633634e-29,1.5101256e-05
57,3,57.0,2.0,0,0,1.2152722046633634e-29,1.5101256e-05
358,3,358.0,2.0,0,0,1.2152722046633634e-29,1.5101256e-05
17,3,17.0,2.0,0,0,1.2152722046633634e-29,1.5101256e-05
350,3,350.0,2.0,0,0,1.2152722046633634e-29,1.5101256e-05
25,3,25.0,2.0,0,0,1.2152722046633634e-29,1.5101256e-05
5,3,5.0,2.0,0,0,1.2152722046633634e-29,1.5101256e-05
55,3,55.0,2.0,0,0,1.2152722046633634e-29,1.5101256e-05
66,3,66.0,2.0,0,0,1.2152722046633634e-29,1.5101256e-05
10,2,10.0,2.0,0,0,1.1491053919308927e-29,1.4700491e-05
39,2,39.0,2.0,0,0,1.1491053919308927e-29,1.4700491e-05
352,2,352.0,2.0,0,0,1.1491053919308927e-29,1.4700491e-05
375,2,375.0,2.0,0,0,1.1491053919308927e-29,1.4700491e-05
18,2,18.0,2.0,0,0,1.1491053919308927e-29,1.4700491e-05
8,2,8.0,2.0,0,0,1.1491053919308927e-29,1.4700491e-05
64,2,64.0,2.0,0,0,1.1491053919308927e-29,1.4700491e-05
29,2,29.0,2.0,0,0,1.1491053919308927e-29,1.4700491e-05
367,2,367.0,2.0,0,0,1.1491053919308927e-29,1.4700491e-05
382,2,382.0,2.0,0,0,1.1491053919308927e-29,1.4700491e-05
379,2,379.0,2.0,0,0,1.1491053919308927e-29,1.4700491e-05
30,2,30.0,2.0,0,0,1.1491053919308927e-29,1.4700491e-05
26,2,26.0,2.0,0,0,1.1491053919308927e-29,1.4700491e-05
377,2,377.0,2.0,0,0,1.1491053919308927e-29,1.4700491e-05
359,2,359.0,2.0,0,0,1.1491053919308927e-29,1.4700491e-05
345,2,345.0,2.0,0,0,1.1491053919308927e-29,1.4700491e-05
16,2,16.0,2.0,0,0,1.1491053919308927e-29,1.4700491e-05
366,2,366.0,2.0,0,0,1.1491053919308927e-29,1.4700491e-05
376,2,376.0,2.0,0,0,1.1491053919308927e-29,1.4700491e-05
365,2,365.0,2.0,0,0,1.1491053919308927e-29,1.4700491e-05
1,2,1.0,2.0,0,0,1.1491053919308927e-29,1.4700491e-05
389,1,389.0,2.0,0,0,1.0865411030530719e-29,1.4310389e-05
353,1,353.0,2.0,0,0,1.0865411030530719e-29,1.4310374e-05
12,1,12.0,2.0,0,0,1.0865411030530719e-29,1.4310374e-05
32,1,32.0,2.0,0,0,1.0865411030530719e-29,1.4310374e-05
381,1,381.0,2.0,0,0,1.0865411030530719e-29,1.4310374e-05
6,1,6.0,2.0,0,0,1.0865411030530719e-29,1.4310374e-05
369,1,369.0,2.0,0,0,1.0865411030530719e-29,1.4310374e-05
7,1,7.0,2.0,0,0,1.0865411030530719e-29,1.4310374e-05
370,1,370.0,2.0,0,0,1.0865411030530719e-29,1.4310374e-05
24,1,24.0,2.0,0,0,1.0865411030530719e-29,1.4310374e-05
360,1,360.0,2.0,0,0,1.0865411030530719e-29,1.4310374e-05
394,1,394.0,2.0,0,0,1.0865411030530719e-29,1.4310374e-05
362,1,362.0,2.0,0,0,1.0865411030530719e-29,1.4310374e-05
387,1,387.0,2.0,0,0,1.0865411030530719e-29,1.4310374e-05
22,1,22.0,2.0,0,0,1.0865411030530719e-29,1.4310374e-05
368,1,368.0,2.0,0,0,1.0865411030530719e-29,1.4310374e-05
378,1,378.0,2.0,0,0,1.0865411030530719e-29,1.4310374e-05
373,1,373.0,2.0,0,0,1.0865411030530719e-29,1.4310374e-05
42,1,42.0,2.0,0,0,1.0865411030530719e-29,1.4310374e-05
15,1,15.0,2.0,0,0,1.0865411030530719e-29,1.4310374e-05
385,1,385.0,2.0,0,0,1.0865411030530719e-29,1.4310374e-05
351,1,351.0,2.0,0,0,1.0865411030530719e-29,1.4310374e-05
2,1,2.0,2.0,0,0,1.0865411030530719e-29,1.4310374e-05
19,1,19.0,2.0,0,0,1.0865411030530719e-29,1.4310374e-05
383,1,383.0,2.0,0,0,1.0865411030530719e-29,1.4310374e-05
380,1,380.0,2.0,0,0,1.0865411030530719e-29,1.4310389e-05
