codon,mutation_count,Position,conservation_score,literature_mentions,is_hotspot,AI_Hotspot_Prob_LR
248,1911,248.0,2.0,0,1,1.0
273,1843,273.0,2.0,0,1,0.9999999999999998
175,1345,175.0,2.0,0,1,0.9998066902550415
0,1039,,0.0,0,0,0.00018754151706099428
245,888,245.0,2.0,0,0,4.002213391325687e-08
282,740,282.0,2.0,0,0,1.0089561488389214e-11
249,738,249.0,2.0,0,0,9.020796515266786e-12
220,475,220.0,2.0,0,0,3.636981857620749e-18
213,446,213.0,2.0,0,0,7.172057500962398e-19
176,444,176.0,2.0,0,0,6.412337284069015e-19
179,434,179.0,2.0,0,0,3.663357756147326e-19
278,336,278.0,2.0,0,0,1.5175272214301244e-21
158,333,158.0,2.0,0,0,1.282907614305654e-21
157,324,157.0,2.0,0,0,7.751255641836065e-22
280,311,280.0,2.0,0,0,3.74363870071113e-22
196,297,196.0,2.0,0,0,1.70962985622463e-22
151,283,151.0,2.0,0,0,7.807468826357247e-23
244,283,244.0,2.0,0,0,7.807468826357247e-23
266,282,266.0,2.0,0,0,7.382382721560437e-23
241,274,241.0,2.0,0,0,4.717228747723561e-23
163,272,163.0,2.0,0,0,4.21754312098742e-23
135,270,135.0,2.0,0,0,3.770788089505338e-23
285,268,285.0,2.0,0,0,3.3713568321801695e-23
193,265,193.0,2.0,0,0,2.85012307487264e-23
237,261,237.0,2.0,0,0,2.2782889529239948e-23
242,245,242.0,2.0,0,0,9.302283362501692e-24
238,240,238.0,2.0,0,0,7.031064019285086e-24
173,239,173.0,2.0,0,0,6.648250115956394e-24
234,237,234.0,2.0,0,0,5.944015658915608e-24
152,229,152.0,2.0,0,0,3.798134369445013e-24
132,225,132.0,2.0,0,0,3.0360961082406087e-24
281,217,281.0,2.0,0,0,1.940018606840373e-24
272,215,272.0,2.0,0,0,1.7345167189137766e-24
205,205,205.0,2.0,0,0,9.909265520368728e-25
195,202,195.0,2.0,0,0,8.377228433686377e-25
275,201,275.0,2.0,0,0,7.921121149357985e-25
141,196,141.0,2.0,0,0,5.987122487598692e-25
236,187,236.0,2.0,0,0,3.617385729328617e-25
286,183,286.0,2.0,0,0,2.891611951165523e-25
258,177,258.0,2.0,0,0,2.0666065244939036e-25
306,174,306.0,2.0,0,0,1.747095675521674e-25
239,171,239.0,2.0,0,0,1.4769832879406048e-25
246,169,246.0,2.0,0,0,1.32052970907408e-25
161,160,161.0,2.0,0,0,7.978566222176867e-26
159,160,159.0,2.0,0,0,7.978566222176867e-26
194,152,194.0,2.0,0,0,5.098180813485816e-26
216,150,216.0,2.0,0,0,4.5581417754743156e-26
192,149,192.0,2.0,0,0,4.309968804753434e-26
250,147,250.0,2.0,0,0,3.853423324643797e-26
155,144,155.0,2.0,0,0,3.257658943125697e-26
156,143,156.0,2.0,0,0,3.0802921701435596e-26
177,143,177.0,2.0,0,0,3.0802921701435596e-26
146,137,146.0,2.0,0,0,2.2014544149329304e-26
138,137,138.0,2.0,0,0,2.2014544149329304e-26
154,134,154.0,2.0,0,0,1.861095202498349e-26
215,128,215.0,2.0,0,0,1.3301063742792834e-26
283,125,283.0,2.0,0,0,1.124463252653398e-26
214,124,214.0,2.0,0,0,1.063240631764548e-26
255,121,255.0,2.0,0,0,8.988566946722813e-27
270,121,270.0,2.0,0,0,8.988566946722813e-27
277,120,277.0,2.0,0,0,8.499174674263363e-27
274,118,274.0,2.0,0,0,7.598875865158824e-27
342,116,342.0,2.0,0,0,6.793943721258785e-27
259,114,259.0,2.0,0,0,6.0742762622648255e-27
251,114,251.0,2.0,0,0,6.0742762622648255e-27
209,112,209.0,2.0,0,0,5.4308415883489175e-27
190,111,190.0,2.0,0,0,5.135153530169811e-27
298,111,298.0,2.0,0,0,5.135153530169811e-27
271,110,271.0,2.0,0,0,4.85556452889141e-27
181,107,181.0,2.0,0,0,4.104862580321172e-27
294,106,294.0,2.0,0,0,3.881368886807568e-27
136,106,136.0,2.0,0,0,3.881368886807568e-27
178,105,178.0,2.0,0,0,3.6700435497402455e-27
276,104,276.0,2.0,0,0,3.470224049760066e-27
144,104,144.0,2.0,0,0,3.470224049760066e-27
247,103,247.0,2.0,0,0,3.281283939092602e-27
126,102,126.0,2.0,0,0,3.102630877591769e-27
279,100,279.0,2.0,0,0,2.773976038593658e-27
164,99,164.0,2.0,0,0,2.6229439057384273e-27
167,98,167.0,2.0,0,0,2.4801348810995215e-27
143,97,143.0,2.0,0,0,2.3451012486349027e-27
168,96,168.0,2.0,0,0,2.2174196686878895e-27
267,91,267.0,2.0,0,0,1.6760207188500116e-27
172,90,172.0,2.0,0,0,1.5847679537375168e-27
130,89,130.0,2.0,0,0,1.4984835443541853e-27
240,86,240.0,2.0,0,0,1.2668082139258201e-27
145,84,145.0,2.0,0,0,1.1326180166335031e-27
166,84,166.0,2.0,0,0,1.1326180166335031e-27
204,83,204.0,2.0,0,0,1.070951400778687e-27
110,83,110.0,2.0,0,0,1.070951400778687e-27
174,82,174.0,2.0,0,0,1.012642290680575e-27
287,81,287.0,2.0,0,0,9.57507883298155e-28
290,78,290.0,2.0,0,0,8.094709188038474e-28
165,76,165.0,2.0,0,0,7.237254514926905e-28
218,76,218.0,2.0,0,0,7.237254514926905e-28
232,75,232.0,2.0,0,0,6.843214346519546e-28
153,75,153.0,2.0,0,0,6.843214346519546e-28
171,75,171.0,2.0,0,0,6.843214346519546e-28
127,74,127.0,2.0,0,0,6.4706281222836845e-28
252,74,252.0,2.0,0,0,6.4706281222836845e-28
254,73,254.0,2.0,0,0,6.118327758969487e-28
162,73,162.0,2.0,0,0,6.118327758969487e-28
257,73,257.0,2.0,0,0,6.118327758969487e-28
235,71,235.0,2.0,0,0,5.470226807262797e-28
134,69,134.0,2.0,0,0,4.890777758518865e-28
265,65,265.0,2.0,0,0,3.9095171140768455e-28
224,65,224.0,2.0,0,0,3.9095171140768455e-28
139,65,139.0,2.0,0,0,3.9095171140768455e-28
131,64,131.0,2.0,0,0,3.69665921625869e-28
133,63,133.0,2.0,0,0,3.4953905974592466e-28
184,63,184.0,2.0,0,0,3.4953905974592466e-28
198,62,198.0,2.0,0,0,3.305080266817758e-28
243,62,243.0,2.0,0,0,3.305080266817758e-28
199,61,199.0,2.0,0,0,3.1251315884548793e-28
211,61,211.0,2.0,0,0,3.1251315884548793e-28
197,59,197.0,2.0,0,0,2.7940932988312156e-28
202,58,202.0,2.0,0,0,2.641965859932039e-28
317,58,317.0,2.0,0,0,2.641965859932039e-28
191,57,191.0,2.0,0,0,2.498121164374202e-28
147,56,147.0,2.0,0,0,2.3621082492166834e-28
180,56,180.0,2.0,0,0,2.3621082492166834e-28
187,55,187.0,2.0,0,0,2.2335007046847e-28
140,55,140.0,2.0,0,0,2.2335007046847e-28
293,55,293.0,2.0,0,0,2.2335007046847e-28
125,54,125.0,2.0,0,0,2.111895337345907e-28
291,54,291.0,2.0,0,0,2.111895337345907e-28
203,54,203.0,2.0,0,0,2.111895337345907e-28
253,54,253.0,2.0,0,0,2.111895337345907e-28
183,53,183.0,2.0,0,0,1.9969109060715697e-28
262,53,262.0,2.0,0,0,1.9969109060715697e-28
301,53,301.0,2.0,0,0,1.9969109060715697e-28
160,53,160.0,2.0,0,0,1.9969109060715697e-28
142,51,142.0,2.0,0,0,1.7853825424919708e-28
221,51,221.0,2.0,0,0,1.7853825424919708e-28
256,51,256.0,2.0,0,0,1.7853825424919708e-28
208,50,208.0,2.0,0,0,1.6881754543255696e-28
212,50,212.0,2.0,0,0,1.6881754543255696e-28
149,49,149.0,2.0,0,0,1.5962609114624411e-28
229,49,229.0,2.0,0,0,1.5962609114624411e-28
189,49,189.0,2.0,0,0,1.5962609114624411e-28
228,49,228.0,2.0,0,0,1.5962609114624411e-28
296,48,296.0,2.0,0,0,1.5093507555355596e-28
269,48,269.0,2.0,0,0,1.5093507555355596e-28
331,48,331.0,2.0,0,0,1.5093507555355596e-28
219,48,219.0,2.0,0,0,1.5093507555355596e-28
170,47,170.0,2.0,0,0,1.4271725172726364e-28
217,46,217.0,2.0,0,0,1.3494685622863008e-28
305,45,305.0,2.0,0,0,1.2759952833727378e-28
226,45,226.0,2.0,0,0,1.2759952833727378e-28
284,44,284.0,2.0,0,0,1.2065223367863995e-28
261,43,261.0,2.0,0,0,1.1408319200967476e-28
137,43,137.0,2.0,0,0,1.1408319200967476e-28
150,42,150.0,2.0,0,0,1.0787180893626893e-28
148,42,148.0,2.0,0,0,1.0787180893626893e-28
260,41,260.0,2.0,0,0,1.0199861134842949e-28
233,41,233.0,2.0,0,0,1.0199861134842949e-28
230,40,230.0,2.0,0,0,9.644518637074471e-29
169,40,169.0,2.0,0,0,9.644518637074471e-29
264,39,264.0,2.0,0,0,9.119412363677148e-29
292,39,292.0,2.0,0,0,9.119412363677148e-29
222,39,222.0,2.0,0,0,9.119412363677148e-29
289,39,289.0,2.0,0,0,9.119412363677148e-29
300,38,300.0,2.0,0,0,8.622896070634186e-29
337,38,337.0,2.0,0,0,8.622896070634186e-29
113,37,113.0,2.0,0,0,8.153413145469078e-29
227,36,227.0,2.0,0,0,7.709491727159324e-29
201,36,201.0,2.0,0,0,7.709491727159324e-29
210,33,210.0,2.0,0,0,6.517554017830507e-29
295,33,295.0,2.0,0,0,6.517554017830507e-29
182,33,182.0,2.0,0,0,6.517554017830507e-29
207,32,207.0,2.0,0,0,6.162698723258126e-29
302,31,302.0,2.0,0,0,5.827163909918584e-29
91,30,91.0,2.0,0,0,5.509897653264754e-29
225,30,225.0,2.0,0,0,5.509897653264754e-29
104,30,104.0,2.0,0,0,5.509897653264754e-29
231,30,231.0,2.0,0,0,5.509897653264754e-29
288,30,288.0,2.0,0,0,5.509897653264754e-29
200,29,200.0,2.0,0,0,5.209905301921842e-29
128,29,128.0,2.0,0,0,5.209905301921842e-29
111,29,111.0,2.0,0,0,5.209905301921842e-29
129,28,129.0,2.0,0,0,4.9262463593875167e-29
223,27,223.0,2.0,0,0,4.658031535511233e-29
185,27,185.0,2.0,0,0,4.658031535511233e-29
299,27,299.0,2.0,0,0,4.658031535511233e-29
206,27,206.0,2.0,0,0,4.658031535511233e-29
307,27,307.0,2.0,0,0,4.658031535511233e-29
263,25,263.0,2.0,0,0,4.164616538771461e-29
107,25,107.0,2.0,0,0,4.164616538771461e-29
304,25,304.0,2.0,0,0,4.164616538771461e-29
62,24,62.0,2.0,0,0,3.937869476207176e-29
186,24,186.0,2.0,0,0,3.937869476207176e-29
100,24,100.0,2.0,0,0,3.937869476207176e-29
339,24,339.0,2.0,0,0,3.937869476207176e-29
268,24,268.0,2.0,0,0,3.937869476207176e-29
120,24,120.0,2.0,0,0,3.937869476207176e-29
53,24,53.0,2.0,0,0,3.937869476207176e-29
297,23,297.0,2.0,0,0,3.7234679032943623e-29
105,23,105.0,2.0,0,0,3.7234679032943623e-29
303,21,303.0,2.0,0,0,3.3290491688228726e-29
98,19,98.0,2.0,0,0,2.976410340111938e-29
89,19,89.0,2.0,0,0,2.976410340111938e-29
316,18,316.0,2.0,0,0,2.814356452239402e-29
312,18,312.0,2.0,0,0,2.814356452239402e-29
188,17,188.0,2.0,0,0,2.661125763984397e-29
124,17,124.0,2.0,0,0,2.661125763984397e-29
108,17,108.0,2.0,0,0,2.661125763984397e-29
102,17,102.0,2.0,0,0,2.661125763984397e-29
72,17,72.0,2.0,0,0,2.661125763984397e-29
319,17,319.0,2.0,0,0,2.661125763984397e-29
320,17,320.0,2.0,0,0,2.661125763984397e-29
47,16,47.0,2.0,0,0,2.5162378866780266e-29
117,16,117.0,2.0,0,0,2.5162378866780266e-29
106,16,106.0,2.0,0,0,2.5162378866780266e-29
112,16,112.0,2.0,0,0,2.5162378866780266e-29
56,16,56.0,2.0,0,0,2.5162378866780266e-29
68,15,68.0,2.0,0,0,2.3792385869332496e-29
46,15,46.0,2.0,0,0,2.3792385869332496e-29
73,15,73.0,2.0,0,0,2.3792385869332496e-29
325,15,325.0,2.0,0,0,2.3792385869332496e-29
52,15,52.0,2.0,0,0,2.3792385869332496e-29
88,15,88.0,2.0,0,0,2.3792385869332496e-29
83,14,83.0,2.0,0,0,2.2496983625922764e-29
327,14,327.0,2.0,0,0,2.2496983625922764e-29
84,14,84.0,2.0,0,0,2.2496983625922764e-29
82,14,82.0,2.0,0,0,2.2496983625922764e-29
324,14,324.0,2.0,0,0,2.2496983625922764e-29
326,14,326.0,2.0,0,0,2.2496983625922764e-29
343,14,343.0,2.0,0,0,2.2496983625922764e-29
309,14,309.0,2.0,0,0,2.2496983625922764e-29
109,13,109.0,2.0,0,0,2.1272110962078517e-29
49,13,49.0,2.0,0,0,2.1272110962078517e-29
330,13,330.0,2.0,0,0,2.1272110962078517e-29
94,13,94.0,2.0,0,0,2.1272110962078517e-29
308,13,308.0,2.0,0,0,2.1272110962078517e-29
103,13,103.0,2.0,0,0,2.1272110962078517e-29
328,12,328.0,2.0,0,0,2.0113927818375277e-29
101,12,101.0,2.0,0,0,2.0113927818375277e-29
318,12,318.0,2.0,0,0,2.0113927818375277e-29
332,12,332.0,2.0,0,0,2.0113927818375277e-29
11,12,11.0,2.0,0,0,2.0113927818375277e-29
313,12,313.0,2.0,0,0,2.0113927818375277e-29
54,11,54.0,2.0,0,0,1.901880321158686e-29
85,11,85.0,2.0,0,0,1.901880321158686e-29
51,11,51.0,2.0,0,0,1.901880321158686e-29
349,11,349.0,2.0,0,0,1.901880321158686e-29
33,11,33.0,2.0,0,0,1.901880321158686e-29
122,11,122.0,2.0,0,0,1.901880321158686e-29
76,11,76.0,2.0,0,0,1.901880321158686e-29
336,11,336.0,2.0,0,0,1.901880321158686e-29
69,11,69.0,2.0,0,0,1.901880321158686e-29
67,11,67.0,2.0,0,0,1.901880321158686e-29
341,10,341.0,2.0,0,0,1.798330385130538e-29
315,10,315.0,2.0,0,0,1.798330385130538e-29
35,10,35.0,2.0,0,0,1.798330385130538e-29
90,10,90.0,2.0,0,0,1.798330385130538e-29
75,10,75.0,2.0,0,0,1.798330385130538e-29
322,10,322.0,2.0,0,0,1.798330385130538e-29
92,10,92.0,2.0,0,0,1.798330385130538e-29
65,10,65.0,2.0,0,0,1.798330385130538e-29
96,10,96.0,2.0,0,0,1.798330385130538e-29
74,10,74.0,2.0,0,0,1.798330385130538e-29
321,9,321.0,2.0,0,0,1.7004183376341704e-29
314,9,314.0,2.0,0,0,1.7004183376341704e-29
59,9,59.0,2.0,0,0,1.7004183376341704e-29
60,9,60.0,2.0,0,0,1.7004183376341704e-29
71,9,71.0,2.0,0,0,1.7004183376341704e-29
41,9,41.0,2.0,0,0,1.7004183376341704e-29
119,9,119.0,2.0,0,0,1.7004183376341704e-29
77,8,77.0,2.0,0,0,1.607837217716049e-29
347,8,347.0,2.0,0,0,1.607837217716049e-29
323,8,323.0,2.0,0,0,1.607837217716049e-29
121,8,121.0,2.0,0,0,1.607837217716049e-29
118,8,118.0,2.0,0,0,1.607837217716049e-29
116,8,116.0,2.0,0,0,1.607837217716049e-29
311,8,311.0,2.0,0,0,1.607837217716049e-29
115,8,115.0,2.0,0,0,1.607837217716049e-29
63,8,63.0,2.0,0,0,1.607837217716049e-29
99,7,99.0,2.0,0,0,1.5202967772446213e-29
79,7,79.0,2.0,0,0,1.5202967772446213e-29
31,7,31.0,2.0,0,0,1.5202967772446213e-29
97,7,97.0,2.0,0,0,1.5202967772446213e-29
334,7,334.0,2.0,0,0,1.5202967772446213e-29
329,7,329.0,2.0,0,0,1.5202967772446213e-29
87,7,87.0,2.0,0,0,1.5202967772446213e-29
338,7,338.0,2.0,0,0,1.5202967772446213e-29
344,6,344.0,2.0,0,0,1.4375225709625084e-29
114,6,114.0,2.0,0,0,1.4375225709625084e-29
310,6,310.0,2.0,0,0,1.4375225709625084e-29
348,6,348.0,2.0,0,0,1.4375225709625084e-29
80,6,80.0,2.0,0,0,1.4375225709625084e-29
58,6,58.0,2.0,0,0,1.4375225709625084e-29
93,6,93.0,2.0,0,0,1.4375225709625084e-29
43,6,43.0,2.0,0,0,1.4375225709625084e-29
38,6,38.0,2.0,0,0,1.4375225709625084e-29
61,6,61.0,2.0,0,0,1.4375225709625084e-29
36,6,36.0,2.0,0,0,1.4375225709625084e-29
346,5,346.0,2.0,0,0,1.3592550960819322e-29
86,5,86.0,2.0,0,0,1.3592550960819322e-29
37,5,37.0,2.0,0,0,1.3592550960819322e-29
48,5,48.0,2.0,0,0,1.3592550960819322e-29
44,5,44.0,2.0,0,0,1.3592550960819322e-29
354,5,354.0,2.0,0,0,1.3592550960819322e-29
78,5,78.0,2.0,0,0,1.3592550960819322e-29
95,5,95.0,2.0,0,0,1.3592550960819322e-29
81,5,81.0,2.0,0,0,1.3592550960819322e-29
361,5,361.0,2.0,0,0,1.3592550960819322e-29
123,5,123.0,2.0,0,0,1.3592550960819322e-29
27,5,27.0,2.0,0,0,1.3592550960819322e-29
356,4,356.0,2.0,0,0,1.285248978725679e-29
335,4,335.0,2.0,0,0,1.285248978725679e-29
45,4,45.0,2.0,0,0,1.285248978725679e-29
34,4,34.0,2.0,0,0,1.285248978725679e-29
50,4,50.0,2.0,0,0,1.285248978725679e-29
333,4,333.0,2.0,0,0,1.285248978725679e-29
340,4,340.0,2.0,0,0,1.285248978725679e-29
28,3,28.0,2.0,0,0,1.2152722046633632e-29
363,3,363.0,2.0,0,0,1.2152722046633632e-29
40,3,40.0,2.0,0,0,1.2152722046633632e-29
364,3,364.0,2.0,0,0,1.2152722046633632e-29
393,3,393.0,2.0,0,0,1.2152722046633632e-29
392,3,392.0,2.0,0,0,1.2152722046633632e-29
70,3,70.0,2.0,0,0,1.2152722046633632e-29
57,3,57.0,2.0,0,0,1.2152722046633632e-29
358,3,358.0,2.0,0,0,1.2152722046633632e-29
17,3,17.0,2.0,0,0,1.2152722046633632e-29
350,3,350.0,2.0,0,0,1.2152722046633632e-29
25,3,25.0,2.0,0,0,1.2152722046633632e-29
5,3,5.0,2.0,0,0,1.2152722046633632e-29
55,3,55.0,2.0,0,0,1.2152722046633632e-29
66,3,66.0,2.0,0,0,1.2152722046633632e-29
10,2,10.0,2.0,0,0,1.1491053919308926e-29
39,2,39.0,2.0,0,0,1.1491053919308926e-29
352,2,352.0,2.0,0,0,1.1491053919308926e-29
375,2,375.0,2.0,0,0,1.1491053919308926e-29
18,2,18.0,2.0,0,0,1.1491053919308926e-29
8,2,8.0,2.0,0,0,1.1491053919308926e-29
64,2,64.0,2.0,0,0,1.1491053919308926e-29
29,2,29.0,2.0,0,0,1.1491053919308926e-29
367,2,367.0,2.0,0,0,1.1491053919308926e-29
382,2,382.0,2.0,0,0,1.1491053919308926e-29
379,2,379.0,2.0,0,0,1.1491053919308926e-29
30,2,30.0,2.0,0,0,1.1491053919308926e-29
26,2,26.0,2.0,0,0,1.1491053919308926e-29
377,2,377.0,2.0,0,0,1.1491053919308926e-29
359,2,359.0,2.0,0,0,1.1491053919308926e-29
345,2,345.0,2.0,0,0,1.1491053919308926e-29
16,2,16.0,2.0,0,0,1.1491053919308926e-29
366,2,366.0,2.0,0,0,1.1491053919308926e-29
376,2,376.0,2.0,0,0,1.1491053919308926e-29
365,2,365.0,2.0,0,0,1.1491053919308926e-29
1,2,1.0,2.0,0,0,1.1491053919308926e-29
389,1,389.0,2.0,0,0,1.086541103053072e-29
353,1,353.0,2.0,0,0,1.086541103053072e-29
12,1,12.0,2.0,0,0,1.086541103053072e-29
32,1,32.0,2.0,0,0,1.086541103053072e-29
381,1,381.0,2.0,0,0,1.086541103053072e-29
6,1,6.0,2.0,0,0,1.086541103053072e-29
369,1,369.0,2.0,0,0,1.086541103053072e-29
7,1,7.0,2.0,0,0,1.086541103053072e-29
370,1,370.0,2.0,0,0,1.086541103053072e-29
24,1,24.0,2.0,0,0,1.086541103053072e-29
360,1,360.0,2.0,0,0,1.086541103053072e-29
394,1,394.0,2.0,0,0,1.086541103053072e-29
362,1,362.0,2.0,0,0,1.086541103053072e-29
387,1,387.0,2.0,0,0,1.086541103053072e-29
22,1,22.0,2.0,0,0,1.086541103053072e-29
368,1,368.0,2.0,0,0,1.086541103053072e-29
378,1,378.0,2.0,0,0,1.086541103053072e-29
373,1,373.0,2.0,0,0,1.086541103053072e-29
42,1,42.0,2.0,0,0,1.086541103053072e-29
15,1,15.0,2.0,0,0,1.086541103053072e-29
385,1,385.0,2.0,0,0,1.086541103053072e-29
351,1,351.0,2.0,0,0,1.086541103053072e-29
2,1,2.0,2.0,0,0,1.086541103053072e-29
19,1,19.0,2.0,0,0,1.086541103053072e-29
383,1,383.0,2.0,0,0,1.086541103053072e-29
380,1,380.0,2.0,0,0,1.086541103053072e-29
