codon,mutation_count,Position,conservation_score,literature_mentions,is_hotspot,AI_Hotspot_Prob_LR,gene
248,1911,248.0,2.0,0,1,1.0,TP53
273,1843,273.0,2.0,0,1,0.9999999999999998,TP53
175,1345,175.0,2.0,0,1,0.9998066902550417,TP53
0,1039,,0.0,0,0,0.0001875415170609,TP53
245,888,245.0,2.0,0,0,4.0022133913256874e-08,TP53
282,740,282.0,2.0,0,0,1.0089561488389214e-11,TP53
249,738,249.0,2.0,0,0,9.020796515266786e-12,TP53
220,475,220.0,2.0,0,0,3.636981857620749e-18,TP53
213,446,213.0,2.0,0,0,7.172057500962399e-19,TP53
176,444,176.0,2.0,0,0,6.412337284069015e-19,TP53
179,434,179.0,2.0,0,0,3.6633577561473263e-19,TP53
278,336,278.0,2.0,0,0,1.5175272214301244e-21,TP53
158,333,158.0,2.0,0,0,1.282907614305654e-21,TP53
157,324,157.0,2.0,0,0,7.751255641836065e-22,TP53
280,311,280.0,2.0,0,0,3.74363870071113e-22,TP53
196,297,196.0,2.0,0,0,1.70962985622463e-22,TP53
151,283,151.0,2.0,0,0,7.807468826357247e-23,TP53
244,283,244.0,2.0,0,0,7.807468826357247e-23,TP53
266,282,266.0,2.0,0,0,7.382382721560437e-23,TP53
241,274,241.0,2.0,0,0,4.717228747723561e-23,TP53
163,272,163.0,2.0,0,0,4.21754312098742e-23,TP53
135,270,135.0,2.0,0,0,3.770788089505338e-23,TP53
285,268,285.0,2.0,0,0,3.3713568321801695e-23,TP53
193,265,193.0,2.0,0,0,2.85012307487264e-23,TP53
237,261,237.0,2.0,0,0,2.2782889529239948e-23,TP53
242,245,242.0,2.0,0,0,9.302283362501692e-24,TP53
238,240,238.0,2.0,0,0,7.031064019285086e-24,TP53
173,239,173.0,2.0,0,0,6.648250115956394e-24,TP53
234,237,234.0,2.0,0,0,5.944015658915608e-24,TP53
152,229,152.0,2.0,0,0,3.798134369445013e-24,TP53
132,225,132.0,2.0,0,0,3.0360961082406087e-24,TP53
281,217,281.0,2.0,0,0,1.9400186068403733e-24,TP53
272,215,272.0,2.0,0,0,1.7345167189137766e-24,TP53
205,205,205.0,2.0,0,0,9.909265520368728e-25,TP53
195,202,195.0,2.0,0,0,8.377228433686377e-25,TP53
275,201,275.0,2.0,0,0,7.921121149357985e-25,TP53
141,196,141.0,2.0,0,0,5.987122487598692e-25,TP53
236,187,236.0,2.0,0,0,3.617385729328617e-25,TP53
286,183,286.0,2.0,0,0,2.8916119511655227e-25,TP53
258,177,258.0,2.0,0,0,2.0666065244939039e-25,TP53
306,174,306.0,2.0,0,0,1.747095675521674e-25,TP53
239,171,239.0,2.0,0,0,1.4769832879406048e-25,TP53
246,169,246.0,2.0,0,0,1.32052970907408e-25,TP53
161,160,161.0,2.0,0,0,7.978566222176867e-26,TP53
159,160,159.0,2.0,0,0,7.978566222176867e-26,TP53
194,152,194.0,2.0,0,0,5.098180813485816e-26,TP53
216,150,216.0,2.0,0,0,4.5581417754743156e-26,TP53
192,149,192.0,2.0,0,0,4.309968804753434e-26,TP53
250,147,250.0,2.0,0,0,3.853423324643797e-26,TP53
155,144,155.0,2.0,0,0,3.257658943125697e-26,TP53
156,143,156.0,2.0,0,0,3.0802921701435596e-26,TP53
177,143,177.0,2.0,0,0,3.0802921701435596e-26,TP53
146,137,146.0,2.0,0,0,2.2014544149329304e-26,TP53
138,137,138.0,2.0,0,0,2.2014544149329304e-26,TP53
154,134,154.0,2.0,0,0,1.861095202498349e-26,TP53
215,128,215.0,2.0,0,0,1.3301063742792834e-26,TP53
283,125,283.0,2.0,0,0,1.124463252653398e-26,TP53
214,124,214.0,2.0,0,0,1.063240631764548e-26,TP53
255,121,255.0,2.0,0,0,8.988566946722813e-27,TP53
270,121,270.0,2.0,0,0,8.988566946722813e-27,TP53
277,120,277.0,2.0,0,0,8.499174674263362e-27,TP53
274,118,274.0,2.0,0,0,7.598875865158824e-27,TP53
342,116,342.0,2.0,0,0,6.793943721258785e-27,TP53
259,114,259.0,2.0,0,0,6.0742762622648255e-27,TP53
251,114,251.0,2.0,0,0,6.0742762622648255e-27,TP53
209,112,209.0,2.0,0,0,5.4308415883489175e-27,TP53
190,111,190.0,2.0,0,0,5.1351535301698106e-27,TP53
298,111,298.0,2.0,0,0,5.1351535301698106e-27,TP53
271,110,271.0,2.0,0,0,4.85556452889141e-27,TP53
181,107,181.0,2.0,0,0,4.1048625803211716e-27,TP53
294,106,294.0,2.0,0,0,3.881368886807568e-27,TP53
136,106,136.0,2.0,0,0,3.881368886807568e-27,TP53
178,105,178.0,2.0,0,0,3.6700435497402455e-27,TP53
276,104,276.0,2.0,0,0,3.470224049760066e-27,TP53
144,104,144.0,2.0,0,0,3.470224049760066e-27,TP53
247,103,247.0,2.0,0,0,3.281283939092602e-27,TP53
126,102,126.0,2.0,0,0,3.102630877591769e-27,TP53
279,100,279.0,2.0,0,0,2.7739760385936578e-27,TP53
164,99,164.0,2.0,0,0,2.6229439057384277e-27,TP53
167,98,167.0,2.0,0,0,2.480134881099521e-27,TP53
143,97,143.0,2.0,0,0,2.3451012486349027e-27,TP53
168,96,168.0,2.0,0,0,2.217419668687889e-27,TP53
267,91,267.0,2.0,0,0,1.6760207188500116e-27,TP53
172,90,172.0,2.0,0,0,1.5847679537375168e-27,TP53
130,89,130.0,2.0,0,0,1.4984835443541851e-27,TP53
240,86,240.0,2.0,0,0,1.26680821392582e-27,TP53
145,84,145.0,2.0,0,0,1.1326180166335031e-27,TP53
166,84,166.0,2.0,0,0,1.1326180166335031e-27,TP53
204,83,204.0,2.0,0,0,1.070951400778687e-27,TP53
110,83,110.0,2.0,0,0,1.070951400778687e-27,TP53
174,82,174.0,2.0,0,0,1.012642290680575e-27,TP53
287,81,287.0,2.0,0,0,9.575078832981549e-28,TP53
290,78,290.0,2.0,0,0,8.094709188038474e-28,TP53
165,76,165.0,2.0,0,0,7.2372545149269045e-28,TP53
218,76,218.0,2.0,0,0,7.2372545149269045e-28,TP53
232,75,232.0,2.0,0,0,6.843214346519546e-28,TP53
153,75,153.0,2.0,0,0,6.843214346519546e-28,TP53
171,75,171.0,2.0,0,0,6.843214346519546e-28,TP53
127,74,127.0,2.0,0,0,6.4706281222836845e-28,TP53
252,74,252.0,2.0,0,0,6.4706281222836845e-28,TP53
254,73,254.0,2.0,0,0,6.118327758969487e-28,TP53
162,73,162.0,2.0,0,0,6.118327758969487e-28,TP53
257,73,257.0,2.0,0,0,6.118327758969487e-28,TP53
235,71,235.0,2.0,0,0,5.470226807262797e-28,TP53
134,69,134.0,2.0,0,0,4.890777758518865e-28,TP53
265,65,265.0,2.0,0,0,3.9095171140768455e-28,TP53
224,65,224.0,2.0,0,0,3.9095171140768455e-28,TP53
139,65,139.0,2.0,0,0,3.9095171140768455e-28,TP53
131,64,131.0,2.0,0,0,3.6966592162586897e-28,TP53
133,63,133.0,2.0,0,0,3.495390597459246e-28,TP53
184,63,184.0,2.0,0,0,3.495390597459246e-28,TP53
198,62,198.0,2.0,0,0,3.305080266817758e-28,TP53
243,62,243.0,2.0,0,0,3.305080266817758e-28,TP53
199,61,199.0,2.0,0,0,3.1251315884548793e-28,TP53
211,61,211.0,2.0,0,0,3.1251315884548793e-28,TP53
197,59,197.0,2.0,0,0,2.7940932988312156e-28,TP53
202,58,202.0,2.0,0,0,2.641965859932039e-28,TP53
317,58,317.0,2.0,0,0,2.641965859932039e-28,TP53
191,57,191.0,2.0,0,0,2.498121164374202e-28,TP53
147,56,147.0,2.0,0,0,2.3621082492166834e-28,TP53
180,56,180.0,2.0,0,0,2.3621082492166834e-28,TP53
187,55,187.0,2.0,0,0,2.2335007046847e-28,TP53
140,55,140.0,2.0,0,0,2.2335007046847e-28,TP53
293,55,293.0,2.0,0,0,2.2335007046847e-28,TP53
125,54,125.0,2.0,0,0,2.111895337345907e-28,TP53
291,54,291.0,2.0,0,0,2.111895337345907e-28,TP53
203,54,203.0,2.0,0,0,2.111895337345907e-28,TP53
253,54,253.0,2.0,0,0,2.111895337345907e-28,TP53
183,53,183.0,2.0,0,0,1.9969109060715695e-28,TP53
262,53,262.0,2.0,0,0,1.9969109060715695e-28,TP53
301,53,301.0,2.0,0,0,1.9969109060715695e-28,TP53
160,53,160.0,2.0,0,0,1.9969109060715695e-28,TP53
142,51,142.0,2.0,0,0,1.7853825424919706e-28,TP53
221,51,221.0,2.0,0,0,1.7853825424919706e-28,TP53
256,51,256.0,2.0,0,0,1.7853825424919706e-28,TP53
208,50,208.0,2.0,0,0,1.6881754543255694e-28,TP53
212,50,212.0,2.0,0,0,1.6881754543255694e-28,TP53
149,49,149.0,2.0,0,0,1.5962609114624411e-28,TP53
229,49,229.0,2.0,0,0,1.5962609114624411e-28,TP53
189,49,189.0,2.0,0,0,1.5962609114624411e-28,TP53
228,49,228.0,2.0,0,0,1.5962609114624411e-28,TP53
296,48,296.0,2.0,0,0,1.5093507555355594e-28,TP53
269,48,269.0,2.0,0,0,1.5093507555355594e-28,TP53
331,48,331.0,2.0,0,0,1.5093507555355594e-28,TP53
219,48,219.0,2.0,0,0,1.5093507555355594e-28,TP53
170,47,170.0,2.0,0,0,1.4271725172726362e-28,TP53
217,46,217.0,2.0,0,0,1.3494685622863008e-28,TP53
305,45,305.0,2.0,0,0,1.2759952833727376e-28,TP53
226,45,226.0,2.0,0,0,1.2759952833727376e-28,TP53
284,44,284.0,2.0,0,0,1.2065223367863995e-28,TP53
261,43,261.0,2.0,0,0,1.1408319200967476e-28,TP53
137,43,137.0,2.0,0,0,1.1408319200967476e-28,TP53
150,42,150.0,2.0,0,0,1.078718089362689e-28,TP53
148,42,148.0,2.0,0,0,1.078718089362689e-28,TP53
260,41,260.0,2.0,0,0,1.0199861134842946e-28,TP53
233,41,233.0,2.0,0,0,1.0199861134842946e-28,TP53
230,40,230.0,2.0,0,0,9.644518637074471e-29,TP53
169,40,169.0,2.0,0,0,9.644518637074471e-29,TP53
264,39,264.0,2.0,0,0,9.119412363677148e-29,TP53
292,39,292.0,2.0,0,0,9.119412363677148e-29,TP53
222,39,222.0,2.0,0,0,9.119412363677148e-29,TP53
289,39,289.0,2.0,0,0,9.119412363677148e-29,TP53
300,38,300.0,2.0,0,0,8.622896070634185e-29,TP53
337,38,337.0,2.0,0,0,8.622896070634185e-29,TP53
113,37,113.0,2.0,0,0,8.153413145469078e-29,TP53
227,36,227.0,2.0,0,0,7.709491727159324e-29,TP53
201,36,201.0,2.0,0,0,7.709491727159324e-29,TP53
210,33,210.0,2.0,0,0,6.517554017830507e-29,TP53
295,33,295.0,2.0,0,0,6.517554017830507e-29,TP53
182,33,182.0,2.0,0,0,6.517554017830507e-29,TP53
207,32,207.0,2.0,0,0,6.162698723258126e-29,TP53
302,31,302.0,2.0,0,0,5.827163909918583e-29,TP53
91,30,91.0,2.0,0,0,5.509897653264754e-29,TP53
225,30,225.0,2.0,0,0,5.509897653264754e-29,TP53
104,30,104.0,2.0,0,0,5.509897653264754e-29,TP53
231,30,231.0,2.0,0,0,5.509897653264754e-29,TP53
288,30,288.0,2.0,0,0,5.509897653264754e-29,TP53
200,29,200.0,2.0,0,0,5.209905301921842e-29,TP53
128,29,128.0,2.0,0,0,5.209905301921842e-29,TP53
111,29,111.0,2.0,0,0,5.209905301921842e-29,TP53
129,28,129.0,2.0,0,0,4.926246359387517e-29,TP53
223,27,223.0,2.0,0,0,4.658031535511233e-29,TP53
185,27,185.0,2.0,0,0,4.658031535511233e-29,TP53
299,27,299.0,2.0,0,0,4.658031535511233e-29,TP53
206,27,206.0,2.0,0,0,4.658031535511233e-29,TP53
307,27,307.0,2.0,0,0,4.658031535511233e-29,TP53
263,25,263.0,2.0,0,0,4.1646165387714607e-29,TP53
107,25,107.0,2.0,0,0,4.1646165387714607e-29,TP53
304,25,304.0,2.0,0,0,4.1646165387714607e-29,TP53
62,24,62.0,2.0,0,0,3.937869476207176e-29,TP53
186,24,186.0,2.0,0,0,3.937869476207176e-29,TP53
100,24,100.0,2.0,0,0,3.937869476207176e-29,TP53
339,24,339.0,2.0,0,0,3.937869476207176e-29,TP53
268,24,268.0,2.0,0,0,3.937869476207176e-29,TP53
120,24,120.0,2.0,0,0,3.937869476207176e-29,TP53
53,24,53.0,2.0,0,0,3.937869476207176e-29,TP53
297,23,297.0,2.0,0,0,3.723467903294362e-29,TP53
105,23,105.0,2.0,0,0,3.723467903294362e-29,TP53
303,21,303.0,2.0,0,0,3.329049168822873e-29,TP53
98,19,98.0,2.0,0,0,2.976410340111938e-29,TP53
89,19,89.0,2.0,0,0,2.976410340111938e-29,TP53
316,18,316.0,2.0,0,0,2.8143564522394015e-29,TP53
312,18,312.0,2.0,0,0,2.8143564522394015e-29,TP53
188,17,188.0,2.0,0,0,2.661125763984397e-29,TP53
124,17,124.0,2.0,0,0,2.661125763984397e-29,TP53
108,17,108.0,2.0,0,0,2.661125763984397e-29,TP53
102,17,102.0,2.0,0,0,2.661125763984397e-29,TP53
72,17,72.0,2.0,0,0,2.661125763984397e-29,TP53
319,17,319.0,2.0,0,0,2.661125763984397e-29,TP53
320,17,320.0,2.0,0,0,2.661125763984397e-29,TP53
47,16,47.0,2.0,0,0,2.5162378866780266e-29,TP53
117,16,117.0,2.0,0,0,2.5162378866780266e-29,TP53
106,16,106.0,2.0,0,0,2.5162378866780266e-29,TP53
112,16,112.0,2.0,0,0,2.5162378866780266e-29,TP53
56,16,56.0,2.0,0,0,2.5162378866780266e-29,TP53
68,15,68.0,2.0,0,0,2.3792385869332499e-29,TP53
46,15,46.0,2.0,0,0,2.3792385869332499e-29,TP53
73,15,73.0,2.0,0,0,2.3792385869332499e-29,TP53
325,15,325.0,2.0,0,0,2.3792385869332499e-29,TP53
52,15,52.0,2.0,0,0,2.3792385869332499e-29,TP53
88,15,88.0,2.0,0,0,2.3792385869332499e-29,TP53
83,14,83.0,2.0,0,0,2.2496983625922767e-29,TP53
327,14,327.0,2.0,0,0,2.2496983625922767e-29,TP53
84,14,84.0,2.0,0,0,2.2496983625922767e-29,TP53
82,14,82.0,2.0,0,0,2.2496983625922767e-29,TP53
324,14,324.0,2.0,0,0,2.2496983625922767e-29,TP53
326,14,326.0,2.0,0,0,2.2496983625922767e-29,TP53
343,14,343.0,2.0,0,0,2.2496983625922767e-29,TP53
309,14,309.0,2.0,0,0,2.2496983625922767e-29,TP53
109,13,109.0,2.0,0,0,2.1272110962078523e-29,TP53
49,13,49.0,2.0,0,0,2.1272110962078523e-29,TP53
330,13,330.0,2.0,0,0,2.1272110962078523e-29,TP53
94,13,94.0,2.0,0,0,2.1272110962078523e-29,TP53
308,13,308.0,2.0,0,0,2.1272110962078523e-29,TP53
103,13,103.0,2.0,0,0,2.1272110962078523e-29,TP53
328,12,328.0,2.0,0,0,2.011392781837528e-29,TP53
101,12,101.0,2.0,0,0,2.011392781837528e-29,TP53
318,12,318.0,2.0,0,0,2.011392781837528e-29,TP53
332,12,332.0,2.0,0,0,2.011392781837528e-29,TP53
11,12,11.0,2.0,0,0,2.011392781837528e-29,TP53
313,12,313.0,2.0,0,0,2.011392781837528e-29,TP53
54,11,54.0,2.0,0,0,1.901880321158686e-29,TP53
85,11,85.0,2.0,0,0,1.901880321158686e-29,TP53
51,11,51.0,2.0,0,0,1.901880321158686e-29,TP53
349,11,349.0,2.0,0,0,1.901880321158686e-29,TP53
33,11,33.0,2.0,0,0,1.901880321158686e-29,TP53
122,11,122.0,2.0,0,0,1.901880321158686e-29,TP53
76,11,76.0,2.0,0,0,1.901880321158686e-29,TP53
336,11,336.0,2.0,0,0,1.901880321158686e-29,TP53
69,11,69.0,2.0,0,0,1.901880321158686e-29,TP53
67,11,67.0,2.0,0,0,1.901880321158686e-29,TP53
341,10,341.0,2.0,0,0,1.798330385130538e-29,TP53
315,10,315.0,2.0,0,0,1.798330385130538e-29,TP53
35,10,35.0,2.0,0,0,1.798330385130538e-29,TP53
90,10,90.0,2.0,0,0,1.798330385130538e-29,TP53
75,10,75.0,2.0,0,0,1.798330385130538e-29,TP53
322,10,322.0,2.0,0,0,1.798330385130538e-29,TP53
92,10,92.0,2.0,0,0,1.798330385130538e-29,TP53
65,10,65.0,2.0,0,0,1.798330385130538e-29,TP53
96,10,96.0,2.0,0,0,1.798330385130538e-29,TP53
74,10,74.0,2.0,0,0,1.798330385130538e-29,TP53
321,9,321.0,2.0,0,0,1.7004183376341704e-29,TP53
314,9,314.0,2.0,0,0,1.7004183376341704e-29,TP53
59,9,59.0,2.0,0,0,1.7004183376341704e-29,TP53
60,9,60.0,2.0,0,0,1.7004183376341704e-29,TP53
71,9,71.0,2.0,0,0,1.7004183376341704e-29,TP53
41,9,41.0,2.0,0,0,1.7004183376341704e-29,TP53
119,9,119.0,2.0,0,0,1.7004183376341704e-29,TP53
77,8,77.0,2.0,0,0,1.6078372177160488e-29,TP53
347,8,347.0,2.0,0,0,1.6078372177160488e-29,TP53
323,8,323.0,2.0,0,0,1.6078372177160488e-29,TP53
121,8,121.0,2.0,0,0,1.6078372177160488e-29,TP53
118,8,118.0,2.0,0,0,1.6078372177160488e-29,TP53
116,8,116.0,2.0,0,0,1.6078372177160488e-29,TP53
311,8,311.0,2.0,0,0,1.6078372177160488e-29,TP53
115,8,115.0,2.0,0,0,1.6078372177160488e-29,TP53
63,8,63.0,2.0,0,0,1.6078372177160488e-29,TP53
99,7,99.0,2.0,0,0,1.5202967772446213e-29,TP53
79,7,79.0,2.0,0,0,1.5202967772446213e-29,TP53
31,7,31.0,2.0,0,0,1.5202967772446213e-29,TP53
97,7,97.0,2.0,0,0,1.5202967772446213e-29,TP53
334,7,334.0,2.0,0,0,1.5202967772446213e-29,TP53
329,7,329.0,2.0,0,0,1.5202967772446213e-29,TP53
87,7,87.0,2.0,0,0,1.5202967772446213e-29,TP53
338,7,338.0,2.0,0,0,1.5202967772446213e-29,TP53
344,6,344.0,2.0,0,0,1.4375225709625084e-29,TP53
114,6,114.0,2.0,0,0,1.4375225709625084e-29,TP53
310,6,310.0,2.0,0,0,1.4375225709625084e-29,TP53
348,6,348.0,2.0,0,0,1.4375225709625084e-29,TP53
80,6,80.0,2.0,0,0,1.4375225709625084e-29,TP53
58,6,58.0,2.0,0,0,1.4375225709625084e-29,TP53
93,6,93.0,2.0,0,0,1.4375225709625084e-29,TP53
43,6,43.0,2.0,0,0,1.4375225709625084e-29,TP53
38,6,38.0,2.0,0,0,1.4375225709625084e-29,TP53
61,6,61.0,2.0,0,0,1.4375225709625084e-29,TP53
36,6,36.0,2.0,0,0,1.4375225709625084e-29,TP53
346,5,346.0,2.0,0,0,1.3592550960819322e-29,TP53
86,5,86.0,2.0,0,0,1.3592550960819322e-29,TP53
37,5,37.0,2.0,0,0,1.3592550960819322e-29,TP53
48,5,48.0,2.0,0,0,1.3592550960819322e-29,TP53
44,5,44.0,2.0,0,0,1.3592550960819322e-29,TP53
354,5,354.0,2.0,0,0,1.3592550960819322e-29,TP53
78,5,78.0,2.0,0,0,1.3592550960819322e-29,TP53
95,5,95.0,2.0,0,0,1.3592550960819322e-29,TP53
81,5,81.0,2.0,0,0,1.3592550960819322e-29,TP53
361,5,361.0,2.0,0,0,1.3592550960819322e-29,TP53
123,5,123.0,2.0,0,0,1.3592550960819322e-29,TP53
27,5,27.0,2.0,0,0,1.3592550960819322e-29,TP53
356,4,356.0,2.0,0,0,1.2852489787256788e-29,TP53
335,4,335.0,2.0,0,0,1.2852489787256788e-29,TP53
45,4,45.0,2.0,0,0,1.2852489787256788e-29,TP53
34,4,34.0,2.0,0,0,1.2852489787256788e-29,TP53
50,4,50.0,2.0,0,0,1.2852489787256788e-29,TP53
333,4,333.0,2.0,0,0,1.2852489787256788e-29,TP53
340,4,340.0,2.0,0,0,1.2852489787256788e-29,TP53
28,3,28.0,2.0,0,0,1.2152722046633634e-29,TP53
363,3,363.0,2.0,0,0,1.2152722046633634e-29,TP53
40,3,40.0,2.0,0,0,1.2152722046633634e-29,TP53
364,3,364.0,2.0,0,0,1.2152722046633634e-29,TP53
393,3,393.0,2.0,0,0,1.2152722046633634e-29,TP53
392,3,392.0,2.0,0,0,1.2152722046633634e-29,TP53
70,3,70.0,2.0,0,0,1.2152722046633634e-29,TP53
57,3,57.0,2.0,0,0,1.2152722046633634e-29,TP53
358,3,358.0,2.0,0,0,1.2152722046633634e-29,TP53
17,3,17.0,2.0,0,0,1.2152722046633634e-29,TP53
350,3,350.0,2.0,0,0,1.2152722046633634e-29,TP53
25,3,25.0,2.0,0,0,1.2152722046633634e-29,TP53
5,3,5.0,2.0,0,0,1.2152722046633634e-29,TP53
55,3,55.0,2.0,0,0,1.2152722046633634e-29,TP53
66,3,66.0,2.0,0,0,1.2152722046633634e-29,TP53
10,2,10.0,2.0,0,0,1.1491053919308927e-29,TP53
39,2,39.0,2.0,0,0,1.1491053919308927e-29,TP53
352,2,352.0,2.0,0,0,1.1491053919308927e-29,TP53
375,2,375.0,2.0,0,0,1.1491053919308927e-29,TP53
18,2,18.0,2.0,0,0,1.1491053919308927e-29,TP53
8,2,8.0,2.0,0,0,1.1491053919308927e-29,TP53
64,2,64.0,2.0,0,0,1.1491053919308927e-29,TP53
29,2,29.0,2.0,0,0,1.1491053919308927e-29,TP53
367,2,367.0,2.0,0,0,1.1491053919308927e-29,TP53
382,2,382.0,2.0,0,0,1.1491053919308927e-29,TP53
379,2,379.0,2.0,0,0,1.1491053919308927e-29,TP53
30,2,30.0,2.0,0,0,1.1491053919308927e-29,TP53
26,2,26.0,2.0,0,0,1.1491053919308927e-29,TP53
377,2,377.0,2.0,0,0,1.1491053919308927e-29,TP53
359,2,359.0,2.0,0,0,1.1491053919308927e-29,TP53
345,2,345.0,2.0,0,0,1.1491053919308927e-29,TP53
16,2,16.0,2.0,0,0,1.1491053919308927e-29,TP53
366,2,366.0,2.0,0,0,1.1491053919308927e-29,TP53
376,2,376.0,2.0,0,0,1.1491053919308927e-29,TP53
365,2,365.0,2.0,0,0,1.1491053919308927e-29,TP53
1,2,1.0,2.0,0,0,1.1491053919308927e-29,TP53
389,1,389.0,2.0,0,0,1.0865411030530719e-29,TP53
353,1,353.0,2.0,0,0,1.0865411030530719e-29,TP53
12,1,12.0,2.0,0,0,1.0865411030530719e-29,TP53
32,1,32.0,2.0,0,0,1.0865411030530719e-29,TP53
381,1,381.0,2.0,0,0,1.0865411030530719e-29,TP53
6,1,6.0,2.0,0,0,1.0865411030530719e-29,TP53
369,1,369.0,2.0,0,0,1.0865411030530719e-29,TP53
7,1,7.0,2.0,0,0,1.0865411030530719e-29,TP53
370,1,370.0,2.0,0,0,1.0865411030530719e-29,TP53
24,1,24.0,2.0,0,0,1.0865411030530719e-29,TP53
360,1,360.0,2.0,0,0,1.0865411030530719e-29,TP53
394,1,394.0,2.0,0,0,1.0865411030530719e-29,TP53
362,1,362.0,2.0,0,0,1.0865411030530719e-29,TP53
387,1,387.0,2.0,0,0,1.0865411030530719e-29,TP53
22,1,22.0,2.0,0,0,1.0865411030530719e-29,TP53
368,1,368.0,2.0,0,0,1.0865411030530719e-29,TP53
378,1,378.0,2.0,0,0,1.0865411030530719e-29,TP53
373,1,373.0,2.0,0,0,1.0865411030530719e-29,TP53
42,1,42.0,2.0,0,0,1.0865411030530719e-29,TP53
15,1,15.0,2.0,0,0,1.0865411030530719e-29,TP53
385,1,385.0,2.0,0,0,1.0865411030530719e-29,TP53
351,1,351.0,2.0,0,0,1.0865411030530719e-29,TP53
2,1,2.0,2.0,0,0,1.0865411030530719e-29,TP53
19,1,19.0,2.0,0,0,1.0865411030530719e-29,TP53
383,1,383.0,2.0,0,0,1.0865411030530719e-29,TP53
380,1,380.0,2.0,0,0,1.0865411030530719e-29,TP53
248,1147,248.0,2.0,0,1,0.07351682408634777,BRCA1
273,1106,273.0,2.0,0,1,0.00792921255524983,BRCA1
175,807,175.0,2.0,0,1,4.294279989149784e-10,BRCA1
0,623,,0.0,0,0,1.4410486726972965e-14,BRCA1
245,533,245.0,2.0,0,0,9.352675759614173e-17,BRCA1
282,444,282.0,2.0,0,0,6.412337284069015e-19,BRCA1
249,443,249.0,2.0,0,0,6.063210628638014e-19,BRCA1
220,285,220.0,2.0,0,0,8.732481290203219e-23,BRCA1
213,268,213.0,2.0,0,0,3.3713568321801695e-23,BRCA1
176,266,176.0,2.0,0,0,3.014236446094996e-23,BRCA1
179,260,179.0,2.0,0,0,2.1542450408521991e-23,BRCA1
278,202,278.0,2.0,0,0,8.377228433686377e-25,BRCA1
158,200,158.0,2.0,0,0,7.489847120618091e-25,BRCA1
157,194,157.0,2.0,0,0,5.352919820618487e-25,BRCA1
280,187,280.0,2.0,0,0,3.617385729328617e-25,BRCA1
196,178,196.0,2.0,0,0,2.1856041097964304e-25,BRCA1
151,170,151.0,2.0,0,0,1.396567331542404e-25,BRCA1
244,170,244.0,2.0,0,0,1.396567331542404e-25,BRCA1
266,169,266.0,2.0,0,0,1.32052970907408e-25,BRCA1
241,164,241.0,2.0,0,0,9.981128892821423e-26,BRCA1
163,163,163.0,2.0,0,0,9.437695509110566e-26,BRCA1
135,162,135.0,2.0,0,0,8.923849945144674e-26,BRCA1
285,161,285.0,2.0,0,0,8.437981259999675e-26,BRCA1
193,159,193.0,2.0,0,0,7.544164534167697e-26,BRCA1
237,157,237.0,2.0,0,0,6.745027840770046e-26,BRCA1
242,147,242.0,2.0,0,0,3.853423324643797e-26,BRCA1
238,144,238.0,2.0,0,0,3.257658943125697e-26,BRCA1
173,143,173.0,2.0,0,0,3.0802921701435596e-26,BRCA1
234,142,234.0,2.0,0,0,2.9125823234103815e-26,BRCA1
152,137,152.0,2.0,0,0,2.2014544149329304e-26,BRCA1
132,135,132.0,2.0,0,0,1.9682592090426794e-26,BRCA1
281,130,281.0,2.0,0,0,1.4876945762706538e-26,BRCA1
272,129,272.0,2.0,0,0,1.4066954321665824e-26,BRCA1
205,123,205.0,2.0,0,0,1.0053513428451112e-26,BRCA1
195,121,195.0,2.0,0,0,8.988566946722813e-27,BRCA1
275,121,275.0,2.0,0,0,8.988566946722813e-27,BRCA1
141,118,141.0,2.0,0,0,7.598875865158824e-27,BRCA1
236,112,236.0,2.0,0,0,5.4308415883489175e-27,BRCA1
286,110,286.0,2.0,0,0,4.85556452889141e-27,BRCA1
258,106,258.0,2.0,0,0,3.881368886807568e-27,BRCA1
306,104,306.0,2.0,0,0,3.470224049760066e-27,BRCA1
239,103,239.0,2.0,0,0,3.281283939092602e-27,BRCA1
246,101,246.0,2.0,0,0,2.933704775712839e-27,BRCA1
161,96,161.0,2.0,0,0,2.2174196686878895e-27,BRCA1
159,96,159.0,2.0,0,0,2.2174196686878895e-27,BRCA1
194,91,194.0,2.0,0,0,1.6760207188500116e-27,BRCA1
216,90,216.0,2.0,0,0,1.5847679537375168e-27,BRCA1
192,89,192.0,2.0,0,0,1.4984835443541853e-27,BRCA1
250,88,250.0,2.0,0,0,1.416896983185828e-27,BRCA1
155,86,155.0,2.0,0,0,1.2668082139258201e-27,BRCA1
156,86,156.0,2.0,0,0,1.2668082139258201e-27,BRCA1
177,86,177.0,2.0,0,0,1.2668082139258201e-27,BRCA1
146,82,146.0,2.0,0,0,1.012642290680575e-27,BRCA1
138,82,138.0,2.0,0,0,1.012642290680575e-27,BRCA1
154,80,154.0,2.0,0,0,9.053753285001992e-28,BRCA1
215,77,215.0,2.0,0,0,7.653983970335461e-28,BRCA1
283,75,283.0,2.0,0,0,6.843214346519546e-28,BRCA1
214,74,214.0,2.0,0,0,6.4706281222836845e-28,BRCA1
255,73,255.0,2.0,0,0,6.118327758969487e-28,BRCA1
270,73,270.0,2.0,0,0,6.118327758969487e-28,BRCA1
277,72,277.0,2.0,0,0,5.785208770885867e-28,BRCA1
274,71,274.0,2.0,0,0,5.470226807262797e-28,BRCA1
342,70,342.0,2.0,0,0,5.172394378140008e-28,BRCA1
259,68,259.0,2.0,0,0,4.624494061070449e-28,BRCA1
251,68,251.0,2.0,0,0,4.624494061070449e-28,BRCA1
209,67,209.0,2.0,0,0,4.372708468223758e-28,BRCA1
190,67,190.0,2.0,0,0,4.372708468223758e-28,BRCA1
298,67,298.0,2.0,0,0,4.372708468223758e-28,BRCA1
271,66,271.0,2.0,0,0,4.134631614955515e-28,BRCA1
181,64,181.0,2.0,0,0,3.69665921625869e-28,BRCA1
294,64,294.0,2.0,0,0,3.69665921625869e-28,BRCA1
136,64,136.0,2.0,0,0,3.69665921625869e-28,BRCA1
178,63,178.0,2.0,0,0,3.4953905974592466e-28,BRCA1
276,62,276.0,2.0,0,0,3.305080266817758e-28,BRCA1
144,62,144.0,2.0,0,0,3.305080266817758e-28,BRCA1
247,62,247.0,2.0,0,0,3.305080266817758e-28,BRCA1
126,61,126.0,2.0,0,0,3.1251315884548793e-28,BRCA1
279,60,279.0,2.0,0,0,2.954980410978657e-28,BRCA1
164,59,164.0,2.0,0,0,2.7940932988312156e-28,BRCA1
167,59,167.0,2.0,0,0,2.7940932988312156e-28,BRCA1
143,58,143.0,2.0,0,0,2.641965859932039e-28,BRCA1
168,58,168.0,2.0,0,0,2.641965859932039e-28,BRCA1
267,55,267.0,2.0,0,0,2.2335007046847e-28,BRCA1
172,54,172.0,2.0,0,0,2.111895337345907e-28,BRCA1
130,53,130.0,2.0,0,0,1.9969109060715697e-28,BRCA1
240,52,240.0,2.0,0,0,1.8881869268194763e-28,BRCA1
145,50,145.0,2.0,0,0,1.6881754543255696e-28,BRCA1
166,50,166.0,2.0,0,0,1.6881754543255696e-28,BRCA1
204,50,204.0,2.0,0,0,1.6881754543255696e-28,BRCA1
110,50,110.0,2.0,0,0,1.6881754543255696e-28,BRCA1
174,49,174.0,2.0,0,0,1.5962609114624411e-28,BRCA1
287,49,287.0,2.0,0,0,1.5962609114624411e-28,BRCA1
290,47,290.0,2.0,0,0,1.4271725172726364e-28,BRCA1
165,46,165.0,2.0,0,0,1.3494685622863008e-28,BRCA1
218,46,218.0,2.0,0,0,1.3494685622863008e-28,BRCA1
232,45,232.0,2.0,0,0,1.2759952833727378e-28,BRCA1
153,45,153.0,2.0,0,0,1.2759952833727378e-28,BRCA1
171,45,171.0,2.0,0,0,1.2759952833727378e-28,BRCA1
127,44,127.0,2.0,0,0,1.2065223367863995e-28,BRCA1
252,44,252.0,2.0,0,0,1.2065223367863995e-28,BRCA1
254,44,254.0,2.0,0,0,1.2065223367863995e-28,BRCA1
162,44,162.0,2.0,0,0,1.2065223367863995e-28,BRCA1
257,44,257.0,2.0,0,0,1.2065223367863995e-28,BRCA1
235,43,235.0,2.0,0,0,1.1408319200967476e-28,BRCA1
134,41,134.0,2.0,0,0,1.0199861134842949e-28,BRCA1
265,39,265.0,2.0,0,0,9.119412363677148e-29,BRCA1
224,39,224.0,2.0,0,0,9.119412363677148e-29,BRCA1
139,39,139.0,2.0,0,0,9.119412363677148e-29,BRCA1
131,38,131.0,2.0,0,0,8.622896070634186e-29,BRCA1
133,38,133.0,2.0,0,0,8.622896070634186e-29,BRCA1
184,38,184.0,2.0,0,0,8.622896070634186e-29,BRCA1
198,37,198.0,2.0,0,0,8.153413145469078e-29,BRCA1
243,37,243.0,2.0,0,0,8.153413145469078e-29,BRCA1
199,37,199.0,2.0,0,0,8.153413145469078e-29,BRCA1
211,37,211.0,2.0,0,0,8.153413145469078e-29,BRCA1
197,35,197.0,2.0,0,0,7.289740091751202e-29,BRCA1
202,35,202.0,2.0,0,0,7.289740091751202e-29,BRCA1
317,35,317.0,2.0,0,0,7.289740091751202e-29,BRCA1
191,34,191.0,2.0,0,0,6.892842289210828e-29,BRCA1
147,34,147.0,2.0,0,0,6.892842289210828e-29,BRCA1
180,34,180.0,2.0,0,0,6.892842289210828e-29,BRCA1
187,33,187.0,2.0,0,0,6.517554017830507e-29,BRCA1
140,33,140.0,2.0,0,0,6.517554017830507e-29,BRCA1
293,33,293.0,2.0,0,0,6.517554017830507e-29,BRCA1
125,32,125.0,2.0,0,0,6.162698723258126e-29,BRCA1
291,32,291.0,2.0,0,0,6.162698723258126e-29,BRCA1
203,32,203.0,2.0,0,0,6.162698723258126e-29,BRCA1
253,32,253.0,2.0,0,0,6.162698723258126e-29,BRCA1
183,32,183.0,2.0,0,0,6.162698723258126e-29,BRCA1
262,32,262.0,2.0,0,0,6.162698723258126e-29,BRCA1
301,32,301.0,2.0,0,0,6.162698723258126e-29,BRCA1
160,32,160.0,2.0,0,0,6.162698723258126e-29,BRCA1
142,31,142.0,2.0,0,0,5.827163909918584e-29,BRCA1
221,31,221.0,2.0,0,0,5.827163909918584e-29,BRCA1
256,31,256.0,2.0,0,0,5.827163909918584e-29,BRCA1
208,30,208.0,2.0,0,0,5.509897653264754e-29,BRCA1
212,30,212.0,2.0,0,0,5.509897653264754e-29,BRCA1
149,29,149.0,2.0,0,0,5.209905301921842e-29,BRCA1
229,29,229.0,2.0,0,0,5.209905301921842e-29,BRCA1
189,29,189.0,2.0,0,0,5.209905301921842e-29,BRCA1
228,29,228.0,2.0,0,0,5.209905301921842e-29,BRCA1
296,29,296.0,2.0,0,0,5.209905301921842e-29,BRCA1
269,29,269.0,2.0,0,0,5.209905301921842e-29,BRCA1
331,29,331.0,2.0,0,0,5.209905301921842e-29,BRCA1
219,29,219.0,2.0,0,0,5.209905301921842e-29,BRCA1
170,28,170.0,2.0,0,0,4.9262463593875167e-29,BRCA1
217,28,217.0,2.0,0,0,4.9262463593875167e-29,BRCA1
305,27,305.0,2.0,0,0,4.658031535511233e-29,BRCA1
226,27,226.0,2.0,0,0,4.658031535511233e-29,BRCA1
284,26,284.0,2.0,0,0,4.404419958508623e-29,BRCA1
261,26,261.0,2.0,0,0,4.404419958508623e-29,BRCA1
137,26,137.0,2.0,0,0,4.404419958508623e-29,BRCA1
150,25,150.0,2.0,0,0,4.164616538771461e-29,BRCA1
148,25,148.0,2.0,0,0,4.164616538771461e-29,BRCA1
260,25,260.0,2.0,0,0,4.164616538771461e-29,BRCA1
233,25,233.0,2.0,0,0,4.164616538771461e-29,BRCA1
230,24,230.0,2.0,0,0,3.937869476207176e-29,BRCA1
169,24,169.0,2.0,0,0,3.937869476207176e-29,BRCA1
264,23,264.0,2.0,0,0,3.7234679032943623e-29,BRCA1
292,23,292.0,2.0,0,0,3.7234679032943623e-29,BRCA1
222,23,222.0,2.0,0,0,3.7234679032943623e-29,BRCA1
289,23,289.0,2.0,0,0,3.7234679032943623e-29,BRCA1
300,23,300.0,2.0,0,0,3.7234679032943623e-29,BRCA1
337,23,337.0,2.0,0,0,3.7234679032943623e-29,BRCA1
113,22,113.0,2.0,0,0,3.5207396564643546e-29,BRCA1
227,22,227.0,2.0,0,0,3.5207396564643546e-29,BRCA1
201,22,201.0,2.0,0,0,3.5207396564643546e-29,BRCA1
210,20,210.0,2.0,0,0,3.1477954776041995e-29,BRCA1
295,20,295.0,2.0,0,0,3.1477954776041995e-29,BRCA1
182,20,182.0,2.0,0,0,3.1477954776041995e-29,BRCA1
207,19,207.0,2.0,0,0,2.976410340111938e-29,BRCA1
302,19,302.0,2.0,0,0,2.976410340111938e-29,BRCA1
91,18,91.0,2.0,0,0,2.814356452239402e-29,BRCA1
225,18,225.0,2.0,0,0,2.814356452239402e-29,BRCA1
104,18,104.0,2.0,0,0,2.814356452239402e-29,BRCA1
231,18,231.0,2.0,0,0,2.814356452239402e-29,BRCA1
288,18,288.0,2.0,0,0,2.814356452239402e-29,BRCA1
200,17,200.0,2.0,0,0,2.661125763984397e-29,BRCA1
128,17,128.0,2.0,0,0,2.661125763984397e-29,BRCA1
111,17,111.0,2.0,0,0,2.661125763984397e-29,BRCA1
129,17,129.0,2.0,0,0,2.661125763984397e-29,BRCA1
223,16,223.0,2.0,0,0,2.5162378866780266e-29,BRCA1
185,16,185.0,2.0,0,0,2.5162378866780266e-29,BRCA1
299,16,299.0,2.0,0,0,2.5162378866780266e-29,BRCA1
206,16,206.0,2.0,0,0,2.5162378866780266e-29,BRCA1
307,16,307.0,2.0,0,0,2.5162378866780266e-29,BRCA1
263,15,263.0,2.0,0,0,2.3792385869332496e-29,BRCA1
107,15,107.0,2.0,0,0,2.3792385869332496e-29,BRCA1
304,15,304.0,2.0,0,0,2.3792385869332496e-29,BRCA1
62,14,62.0,2.0,0,0,2.2496983625922764e-29,BRCA1
186,14,186.0,2.0,0,0,2.2496983625922764e-29,BRCA1
100,14,100.0,2.0,0,0,2.2496983625922764e-29,BRCA1
339,14,339.0,2.0,0,0,2.2496983625922764e-29,BRCA1
268,14,268.0,2.0,0,0,2.2496983625922764e-29,BRCA1
120,14,120.0,2.0,0,0,2.2496983625922764e-29,BRCA1
53,14,53.0,2.0,0,0,2.2496983625922764e-29,BRCA1
297,14,297.0,2.0,0,0,2.2496983625922764e-29,BRCA1
105,14,105.0,2.0,0,0,2.2496983625922764e-29,BRCA1
303,13,303.0,2.0,0,0,2.1272110962078517e-29,BRCA1
98,11,98.0,2.0,0,0,1.901880321158686e-29,BRCA1
89,11,89.0,2.0,0,0,1.901880321158686e-29,BRCA1
316,11,316.0,2.0,0,0,1.901880321158686e-29,BRCA1
312,11,312.0,2.0,0,0,1.901880321158686e-29,BRCA1
188,10,188.0,2.0,0,0,1.798330385130538e-29,BRCA1
124,10,124.0,2.0,0,0,1.798330385130538e-29,BRCA1
108,10,108.0,2.0,0,0,1.798330385130538e-29,BRCA1
102,10,102.0,2.0,0,0,1.798330385130538e-29,BRCA1
72,10,72.0,2.0,0,0,1.798330385130538e-29,BRCA1
319,10,319.0,2.0,0,0,1.798330385130538e-29,BRCA1
320,10,320.0,2.0,0,0,1.798330385130538e-29,BRCA1
47,10,47.0,2.0,0,0,1.798330385130538e-29,BRCA1
117,10,117.0,2.0,0,0,1.798330385130538e-29,BRCA1
106,10,106.0,2.0,0,0,1.798330385130538e-29,BRCA1
112,10,112.0,2.0,0,0,1.798330385130538e-29,BRCA1
56,10,56.0,2.0,0,0,1.798330385130538e-29,BRCA1
68,9,68.0,2.0,0,0,1.7004183376341704e-29,BRCA1
46,9,46.0,2.0,0,0,1.7004183376341704e-29,BRCA1
73,9,73.0,2.0,0,0,1.7004183376341704e-29,BRCA1
325,9,325.0,2.0,0,0,1.7004183376341704e-29,BRCA1
52,9,52.0,2.0,0,0,1.7004183376341704e-29,BRCA1
88,9,88.0,2.0,0,0,1.7004183376341704e-29,BRCA1
83,8,83.0,2.0,0,0,1.607837217716049e-29,BRCA1
327,8,327.0,2.0,0,0,1.607837217716049e-29,BRCA1
84,8,84.0,2.0,0,0,1.607837217716049e-29,BRCA1
82,8,82.0,2.0,0,0,1.607837217716049e-29,BRCA1
324,8,324.0,2.0,0,0,1.607837217716049e-29,BRCA1
326,8,326.0,2.0,0,0,1.607837217716049e-29,BRCA1
343,8,343.0,2.0,0,0,1.607837217716049e-29,BRCA1
309,8,309.0,2.0,0,0,1.607837217716049e-29,BRCA1
109,8,109.0,2.0,0,0,1.607837217716049e-29,BRCA1
49,8,49.0,2.0,0,0,1.607837217716049e-29,BRCA1
330,8,330.0,2.0,0,0,1.607837217716049e-29,BRCA1
94,8,94.0,2.0,0,0,1.607837217716049e-29,BRCA1
308,8,308.0,2.0,0,0,1.607837217716049e-29,BRCA1
103,8,103.0,2.0,0,0,1.607837217716049e-29,BRCA1
328,7,328.0,2.0,0,0,1.5202967772446213e-29,BRCA1
101,7,101.0,2.0,0,0,1.5202967772446213e-29,BRCA1
318,7,318.0,2.0,0,0,1.5202967772446213e-29,BRCA1
332,7,332.0,2.0,0,0,1.5202967772446213e-29,BRCA1
11,7,11.0,2.0,0,0,1.5202967772446213e-29,BRCA1
313,7,313.0,2.0,0,0,1.5202967772446213e-29,BRCA1
54,7,54.0,2.0,0,0,1.5202967772446213e-29,BRCA1
85,7,85.0,2.0,0,0,1.5202967772446213e-29,BRCA1
51,7,51.0,2.0,0,0,1.5202967772446213e-29,BRCA1
349,7,349.0,2.0,0,0,1.5202967772446213e-29,BRCA1
33,7,33.0,2.0,0,0,1.5202967772446213e-29,BRCA1
122,7,122.0,2.0,0,0,1.5202967772446213e-29,BRCA1
76,7,76.0,2.0,0,0,1.5202967772446213e-29,BRCA1
336,7,336.0,2.0,0,0,1.5202967772446213e-29,BRCA1
69,7,69.0,2.0,0,0,1.5202967772446213e-29,BRCA1
67,7,67.0,2.0,0,0,1.5202967772446213e-29,BRCA1
341,6,341.0,2.0,0,0,1.4375225709625084e-29,BRCA1
315,6,315.0,2.0,0,0,1.4375225709625084e-29,BRCA1
35,6,35.0,2.0,0,0,1.4375225709625084e-29,BRCA1
90,6,90.0,2.0,0,0,1.4375225709625084e-29,BRCA1
75,6,75.0,2.0,0,0,1.4375225709625084e-29,BRCA1
322,6,322.0,2.0,0,0,1.4375225709625084e-29,BRCA1
92,6,92.0,2.0,0,0,1.4375225709625084e-29,BRCA1
65,6,65.0,2.0,0,0,1.4375225709625084e-29,BRCA1
96,6,96.0,2.0,0,0,1.4375225709625084e-29,BRCA1
74,6,74.0,2.0,0,0,1.4375225709625084e-29,BRCA1
321,5,321.0,2.0,0,0,1.3592550960819322e-29,BRCA1
314,5,314.0,2.0,0,0,1.3592550960819322e-29,BRCA1
59,5,59.0,2.0,0,0,1.3592550960819322e-29,BRCA1
60,5,60.0,2.0,0,0,1.3592550960819322e-29,BRCA1
71,5,71.0,2.0,0,0,1.3592550960819322e-29,BRCA1
41,5,41.0,2.0,0,0,1.3592550960819322e-29,BRCA1
119,5,119.0,2.0,0,0,1.3592550960819322e-29,BRCA1
77,5,77.0,2.0,0,0,1.3592550960819322e-29,BRCA1
347,5,347.0,2.0,0,0,1.3592550960819322e-29,BRCA1
323,5,323.0,2.0,0,0,1.3592550960819322e-29,BRCA1
121,5,121.0,2.0,0,0,1.3592550960819322e-29,BRCA1
118,5,118.0,2.0,0,0,1.3592550960819322e-29,BRCA1
116,5,116.0,2.0,0,0,1.3592550960819322e-29,BRCA1
311,5,311.0,2.0,0,0,1.3592550960819322e-29,BRCA1
115,5,115.0,2.0,0,0,1.3592550960819322e-29,BRCA1
63,5,63.0,2.0,0,0,1.3592550960819322e-29,BRCA1
99,4,99.0,2.0,0,0,1.285248978725679e-29,BRCA1
79,4,79.0,2.0,0,0,1.285248978725679e-29,BRCA1
31,4,31.0,2.0,0,0,1.285248978725679e-29,BRCA1
97,4,97.0,2.0,0,0,1.285248978725679e-29,BRCA1
334,4,334.0,2.0,0,0,1.285248978725679e-29,BRCA1
329,4,329.0,2.0,0,0,1.285248978725679e-29,BRCA1
87,4,87.0,2.0,0,0,1.285248978725679e-29,BRCA1
338,4,338.0,2.0,0,0,1.285248978725679e-29,BRCA1
344,4,344.0,2.0,0,0,1.285248978725679e-29,BRCA1
114,4,114.0,2.0,0,0,1.285248978725679e-29,BRCA1
310,4,310.0,2.0,0,0,1.285248978725679e-29,BRCA1
348,4,348.0,2.0,0,0,1.285248978725679e-29,BRCA1
80,4,80.0,2.0,0,0,1.285248978725679e-29,BRCA1
58,4,58.0,2.0,0,0,1.285248978725679e-29,BRCA1
93,4,93.0,2.0,0,0,1.285248978725679e-29,BRCA1
43,4,43.0,2.0,0,0,1.285248978725679e-29,BRCA1
38,4,38.0,2.0,0,0,1.285248978725679e-29,BRCA1
61,4,61.0,2.0,0,0,1.285248978725679e-29,BRCA1
36,4,36.0,2.0,0,0,1.285248978725679e-29,BRCA1
346,3,346.0,2.0,0,0,1.2152722046633632e-29,BRCA1
86,3,86.0,2.0,0,0,1.2152722046633632e-29,BRCA1
37,3,37.0,2.0,0,0,1.2152722046633632e-29,BRCA1
48,3,48.0,2.0,0,0,1.2152722046633632e-29,BRCA1
44,3,44.0,2.0,0,0,1.2152722046633632e-29,BRCA1
354,3,354.0,2.0,0,0,1.2152722046633632e-29,BRCA1
78,3,78.0,2.0,0,0,1.2152722046633632e-29,BRCA1
95,3,95.0,2.0,0,0,1.2152722046633632e-29,BRCA1
81,3,81.0,2.0,0,0,1.2152722046633632e-29,BRCA1
361,3,361.0,2.0,0,0,1.2152722046633632e-29,BRCA1
123,3,123.0,2.0,0,0,1.2152722046633632e-29,BRCA1
27,3,27.0,2.0,0,0,1.2152722046633632e-29,BRCA1
356,2,356.0,2.0,0,0,1.1491053919308926e-29,BRCA1
335,2,335.0,2.0,0,0,1.1491053919308926e-29,BRCA1
45,2,45.0,2.0,0,0,1.1491053919308926e-29,BRCA1
34,2,34.0,2.0,0,0,1.1491053919308926e-29,BRCA1
50,2,50.0,2.0,0,0,1.1491053919308926e-29,BRCA1
333,2,333.0,2.0,0,0,1.1491053919308926e-29,BRCA1
340,2,340.0,2.0,0,0,1.1491053919308926e-29,BRCA1
28,2,28.0,2.0,0,0,1.1491053919308926e-29,BRCA1
363,2,363.0,2.0,0,0,1.1491053919308926e-29,BRCA1
40,2,40.0,2.0,0,0,1.1491053919308926e-29,BRCA1
364,2,364.0,2.0,0,0,1.1491053919308926e-29,BRCA1
393,2,393.0,2.0,0,0,1.1491053919308926e-29,BRCA1
392,2,392.0,2.0,0,0,1.1491053919308926e-29,BRCA1
70,2,70.0,2.0,0,0,1.1491053919308926e-29,BRCA1
57,2,57.0,2.0,0,0,1.1491053919308926e-29,BRCA1
358,2,358.0,2.0,0,0,1.1491053919308926e-29,BRCA1
17,2,17.0,2.0,0,0,1.1491053919308926e-29,BRCA1
350,2,350.0,2.0,0,0,1.1491053919308926e-29,BRCA1
25,2,25.0,2.0,0,0,1.1491053919308926e-29,BRCA1
5,2,5.0,2.0,0,0,1.1491053919308926e-29,BRCA1
55,2,55.0,2.0,0,0,1.1491053919308926e-29,BRCA1
66,2,66.0,2.0,0,0,1.1491053919308926e-29,BRCA1
10,1,10.0,2.0,0,0,1.086541103053072e-29,BRCA1
39,1,39.0,2.0,0,0,1.086541103053072e-29,BRCA1
352,1,352.0,2.0,0,0,1.086541103053072e-29,BRCA1
375,1,375.0,2.0,0,0,1.086541103053072e-29,BRCA1
18,1,18.0,2.0,0,0,1.086541103053072e-29,BRCA1
8,1,8.0,2.0,0,0,1.086541103053072e-29,BRCA1
64,1,64.0,2.0,0,0,1.086541103053072e-29,BRCA1
29,1,29.0,2.0,0,0,1.086541103053072e-29,BRCA1
367,1,367.0,2.0,0,0,1.086541103053072e-29,BRCA1
382,1,382.0,2.0,0,0,1.086541103053072e-29,BRCA1
379,1,379.0,2.0,0,0,1.086541103053072e-29,BRCA1
30,1,30.0,2.0,0,0,1.086541103053072e-29,BRCA1
26,1,26.0,2.0,0,0,1.086541103053072e-29,BRCA1
377,1,377.0,2.0,0,0,1.086541103053072e-29,BRCA1
359,1,359.0,2.0,0,0,1.086541103053072e-29,BRCA1
345,1,345.0,2.0,0,0,1.086541103053072e-29,BRCA1
16,1,16.0,2.0,0,0,1.086541103053072e-29,BRCA1
366,1,366.0,2.0,0,0,1.086541103053072e-29,BRCA1
376,1,376.0,2.0,0,0,1.086541103053072e-29,BRCA1
365,1,365.0,2.0,0,0,1.086541103053072e-29,BRCA1
1,1,1.0,2.0,0,0,1.086541103053072e-29,BRCA1
389,1,389.0,2.0,0,0,1.086541103053072e-29,BRCA1
353,1,353.0,2.0,0,0,1.086541103053072e-29,BRCA1
12,1,12.0,2.0,0,0,1.086541103053072e-29,BRCA1
32,1,32.0,2.0,0,0,1.086541103053072e-29,BRCA1
381,1,381.0,2.0,0,0,1.086541103053072e-29,BRCA1
6,1,6.0,2.0,0,0,1.086541103053072e-29,BRCA1
369,1,369.0,2.0,0,0,1.086541103053072e-29,BRCA1
7,1,7.0,2.0,0,0,1.086541103053072e-29,BRCA1
370,1,370.0,2.0,0,0,1.086541103053072e-29,BRCA1
24,1,24.0,2.0,0,0,1.086541103053072e-29,BRCA1
360,1,360.0,2.0,0,0,1.086541103053072e-29,BRCA1
394,1,394.0,2.0,0,0,1.086541103053072e-29,BRCA1
362,1,362.0,2.0,0,0,1.086541103053072e-29,BRCA1
387,1,387.0,2.0,0,0,1.086541103053072e-29,BRCA1
22,1,22.0,2.0,0,0,1.086541103053072e-29,BRCA1
368,1,368.0,2.0,0,0,1.086541103053072e-29,BRCA1
378,1,378.0,2.0,0,0,1.086541103053072e-29,BRCA1
373,1,373.0,2.0,0,0,1.086541103053072e-29,BRCA1
42,1,42.0,2.0,0,0,1.086541103053072e-29,BRCA1
15,1,15.0,2.0,0,0,1.086541103053072e-29,BRCA1
385,1,385.0,2.0,0,0,1.086541103053072e-29,BRCA1
351,1,351.0,2.0,0,0,1.086541103053072e-29,BRCA1
2,1,2.0,2.0,0,0,1.086541103053072e-29,BRCA1
19,1,19.0,2.0,0,0,1.086541103053072e-29,BRCA1
383,1,383.0,2.0,0,0,1.086541103053072e-29,BRCA1
380,1,380.0,2.0,0,0,1.086541103053072e-29,BRCA1
